Name,Glasanteil_Süd_[%],Glasanteil_WestOst_[%],Produktwahl_Verschattung,Dämmstärke_[m],,Anteil_Unzufrieden_[%],Tageslichtfaktor_[%],Betriebskosten_[EUR/Jahr],Investitionskosten_[EUR]
run10001,96.06,58.45,SCREEN-SHADE,0.1802,run10001,7.295,1.842,33742.1,606721.8
run10002,62.9,55.99,<value not set>,0.1173,run10002,7.353,1.741,34713.4,566754.3
run10003,46.53,8.891,SCREEN-SHADE,0.1345,run10003,7.481,1.324,33851.1,503133.1
run10004,47.71,30.5,ROLLER-SHADE,0.1195,run10004,7.451,0.7744,33392.8,525774.6
run10005,54.79,99.38,SCREEN-SHADE,0.1342,run10005,7.462,2.082,34737.5,631540.8
run10006,88.08,44.42,ROLLER-SHADE,0.142,run10006,7.42,2.136,33935.6,597242.1
run10007,5.741,37.31,SCREEN-SHADE,0.1923,run10007,7.479,0.6614,31809,481622.4
run10008,2.684,43.63,SCREEN-SHADE,0.1274,run10008,7.625,1.207,33916.9,515990.5
run10009,56.52,14.74,ROLLER-SHADE,0.171,run10009,7.465,0.5629,31847.8,476361.4
run10010,96.81,32.37,SCREEN-SHADE,0.1793,run10010,7.313,1.643,33526.4,579620.5
run10011,92.87,33.8,<value not set>,0.1972,run10011,7.441,1.668,32147.7,556352.1
run10012,26.32,59.87,ROLLER-SHADE,0.1993,run10012,7.328,1.601,33136.7,569249
run10013,80.92,28.35,ROLLER-SHADE,0.1894,run10013,7.345,1.506,32385.6,549286.9
run10014,75.71,19.89,ROLLER-SHADE,0.1092,run10014,7.37,0.9438,34531.9,516488.2
run10015,40.14,72.45,<value not set>,0.1968,run10015,7.385,1.661,32594,588534.9
run10016,32.97,5.169,SCREEN-SHADE,0.1428,run10016,7.405,0.1964,34074.9,460584
run10017,98.12,22.63,SCREEN-SHADE,0.1494,run10017,7.353,1.44,32990.1,544688.1
run10018,86.74,26.13,<value not set>,0.1465,run10018,7.407,1.751,33286.1,564747.3
run10019,92.75,44.34,<value not set>,0.1093,run10019,7.356,2.204,36022.3,569625.8
run10020,28.5,13.44,<value not set>,0.1676,run10020,7.38,0.5445,33046.9,486046.2
run10021,32.22,67.1,SCREEN-SHADE,0.1462,run10021,7.369,1.656,34052.3,580998.8
run10022,17.65,83.77,SCREEN-SHADE,0.1001,run10022,7.443,1.567,35626,584893.5
run10023,63.47,38.8,ROLLER-SHADE,0.1143,run10023,7.469,1.601,34251.9,559254
run10024,6.195,1.49,<value not set>,0.1021,run10024,7.556,0.5602,37118.4,479526.3
run10025,58.52,17.35,ROLLER-SHADE,0.1434,run10025,7.556,1.187,33016.4,514119.2
run10026,12.45,91.7,ROLLER-SHADE,0.1936,run10026,7.324,1.421,33368.6,601916.5
run10027,40.1,75.3,<value not set>,0.1073,run10027,7.457,2.315,35458.5,577023.9
run10028,51.08,90.39,SCREEN-SHADE,0.1078,run10028,7.46,1.806,34806.6,601800.9
run10029,98.53,68.21,ROLLER-SHADE,0.1352,run10029,7.387,2.581,35622.5,642492.2
run10030,7.692,67.88,ROLLER-SHADE,0.1357,run10030,7.422,1.66,34674.7,573753.2
run10031,86.61,11.23,ROLLER-SHADE,0.1273,run10031,7.385,1.271,34197.3,547841.1
run10032,28.93,0.9828,ROLLER-SHADE,0.143,run10032,7.384,0.9368,34415.4,457966.2
run10033,91.53,22.24,SCREEN-SHADE,0.1029,run10033,7.553,1.167,34137,548675.7
run10034,38.39,63.49,SCREEN-SHADE,0.1839,run10034,7.353,1.314,32029.6,557699.3
run10035,15.74,95.37,SCREEN-SHADE,0.1309,run10035,7.52,2.417,35393.8,601641.9
run10036,68.07,60.77,SCREEN-SHADE,0.1699,run10036,7.304,1.665,33401.9,596892.8
run10037,51.74,15.48,ROLLER-SHADE,0.1464,run10037,7.54,1.416,33204.2,505119.7
run10038,19.86,87.54,<value not set>,0.1157,run10038,7.458,2.303,36049,613302.7
run10039,38.26,2.826,SCREEN-SHADE,0.1145,run10039,7.51,0.2405,35347.2,482317.8
run10040,41.58,26.46,SCREEN-SHADE,0.1978,run10040,7.206,0.7152,31931.6,483903.3
run10041,59.76,55.23,SCREEN-SHADE,0.131,run10041,7.379,1.316,33059.6,550554
run10042,77.59,61.26,SCREEN-SHADE,0.1569,run10042,7.504,2.242,34215.6,601930
run10043,52.06,86.77,<value not set>,0.1589,run10043,7.559,2.287,34604.3,622330.3
run10044,55.39,90.75,SCREEN-SHADE,0.131,run10044,7.38,1.921,34993,632837.4
run10045,65.09,0.1529,SCREEN-SHADE,0.1369,run10045,7.466,1.205,33637.3,509985.4
run10046,18.18,94.17,<value not set>,0.1544,run10046,7.5,2.09,34691.1,611746.9
run10047,69.65,62.03,<value not set>,0.1065,run10047,7.469,2.04,34737,600949.4
run10048,58.03,76.02,ROLLER-SHADE,0.1151,run10048,7.42,2.578,35882,616657
run10049,12.67,14.99,<value not set>,0.1791,run10049,7.453,0.8276,32879.5,494434.2
run10050,37.54,95,ROLLER-SHADE,0.1359,run10050,7.552,1.907,34007.1,603879.1
run10051,92.93,26.92,<value not set>,0.1548,run10051,7.354,1.324,32504.5,565489.2
run10052,79.13,6.842,ROLLER-SHADE,0.1568,run10052,7.331,0.688,32356.2,502582.4
run10053,90.62,35.37,<value not set>,0.1821,run10053,7.465,1.65,32458.6,557546.4
run10054,84.51,93.32,ROLLER-SHADE,0.1994,run10054,7.391,2.351,34959.6,625769.6
run10055,13.11,77.38,SCREEN-SHADE,0.119,run10055,7.578,1.409,33865.1,575794.7
run10056,38.89,59.51,SCREEN-SHADE,0.1003,run10056,7.597,1.294,34304.3,549944.7
run10057,5.624,22.69,<value not set>,0.1054,run10057,7.494,0.7683,35970.8,484754.3
run10058,90.78,46.88,SCREEN-SHADE,0.1612,run10058,7.48,1.791,32905.8,571732.3
run10059,98.47,34.74,SCREEN-SHADE,0.1543,run10059,7.314,1.046,32199.6,572783.6
run10060,47.03,62.33,SCREEN-SHADE,0.1019,run10060,7.578,1.355,34133.4,557113.3
run10061,94.02,15.21,ROLLER-SHADE,0.1782,run10061,7.231,1.107,32657.2,517389.2
run10062,56.31,19.91,<value not set>,0.1719,run10062,7.516,1.144,32111.3,505057.1
run10063,49.43,32.61,<value not set>,0.1361,run10063,7.455,1.643,33403.1,542189.1
run10064,74.16,35.22,SCREEN-SHADE,0.141,run10064,7.538,1.925,33573.3,558905
run10065,36.98,64.72,ROLLER-SHADE,0.1115,run10065,7.381,1.56,34568.8,517926.5
run10066,92.08,61.3,SCREEN-SHADE,0.186,run10066,7.314,1.97,33925,626619.2
run10067,84.96,61.76,SCREEN-SHADE,0.1559,run10067,7.345,2.284,35174.2,606512
run10068,81.79,27.8,<value not set>,0.186,run10068,7.428,1.142,31356.5,521127.7
run10069,57.1,96.71,ROLLER-SHADE,0.1126,run10069,7.474,2.088,35156.7,624669.9
run10070,69.21,91.75,<value not set>,0.1098,run10070,7.464,2.051,35011.1,634306.4
run10071,52.14,71.55,<value not set>,0.1607,run10071,7.443,2.111,33943.3,603338.4
run10072,21.82,88.27,<value not set>,0.1974,run10072,7.373,1.352,32323.6,584716
run10073,67.75,24.94,<value not set>,0.1731,run10073,7.485,1.181,31857.9,512385.1
run10074,91.38,40.09,SCREEN-SHADE,0.1878,run10074,7.299,1.293,31924.8,567076.5
run10075,31.25,15.27,SCREEN-SHADE,0.1221,run10075,7.591,0.5793,34492.9,472134.8
run10076,33.52,35.31,SCREEN-SHADE,0.1723,run10076,7.424,1.273,32546.9,531888.8
run10077,94.76,17.18,SCREEN-SHADE,0.1915,run10077,7.214,1.031,32270.8,522380.6
run10078,46.01,13.65,ROLLER-SHADE,0.1049,run10078,7.661,1.109,34985.7,508277.7
run10079,59.22,31.64,<value not set>,0.1357,run10079,7.542,1.381,33203.4,535268.4
run10080,78.91,91.18,ROLLER-SHADE,0.154,run10080,7.541,2.495,34914.1,641709.4
run10081,22.81,70.24,SCREEN-SHADE,0.1357,run10081,7.455,1.5,33522.9,562912.9
run10082,19.88,96.1,<value not set>,0.1977,run10082,7.388,2.063,35367.8,615865.6
run10083,34.45,30.8,SCREEN-SHADE,0.1331,run10083,7.447,0.7884,33051.1,521549.6
run10084,34.37,45.77,<value not set>,0.1828,run10084,7.49,1.244,31807.1,522559.2
run10085,42.33,12.79,ROLLER-SHADE,0.1934,run10085,7.312,0.9098,32694.4,499884.8
run10086,91.38,4.33,<value not set>,0.1783,run10086,7.244,0.7103,32468,519283.1
run10087,54.83,94.62,<value not set>,0.1205,run10087,7.382,2.007,35551,629741.5
run10088,34.77,61.96,ROLLER-SHADE,0.1522,run10088,7.564,1.893,33856.5,587766.1
run10089,99.01,80.22,ROLLER-SHADE,0.1879,run10089,7.419,2.381,34620.1,648280.8
run10090,21.11,47.4,<value not set>,0.1128,run10090,7.61,1.295,34057.2,530286.2
run10091,0.3886,62.16,ROLLER-SHADE,0.1761,run10091,7.327,1.255,32648.9,490626.7
run10092,14.29,66.89,ROLLER-SHADE,0.1468,run10092,7.419,2.103,34790.7,578464.9
run10093,37.51,11.54,ROLLER-SHADE,0.1306,run10093,7.389,0.5555,34759.7,496434.6
run10094,41.99,51.5,<value not set>,0.1024,run10094,7.441,1.539,35189.8,567894.7
run10095,21.01,51.78,<value not set>,0.1739,run10095,7.303,1.19,32224,493973.1
run10096,36.98,2.785,<value not set>,0.1327,run10096,7.614,0.2646,34450,448460.5
run10097,60.28,52.5,<value not set>,0.1933,run10097,7.403,1.933,33233.6,579001.5
run10098,68.59,62.07,ROLLER-SHADE,0.1863,run10098,7.296,1.491,32151.1,562382.1
run10099,91.25,11.47,ROLLER-SHADE,0.1685,run10099,7.308,1.18,33017.9,541816.3
run10100,17.8,40.44,SCREEN-SHADE,0.1341,run10100,7.413,1.056,33932,534406.5
r2n10001,37.3,65.27,SCREEN-SHADE,0.1472,r2n10001,7.393,2.166,34591.2,596216.7
r2n10002,13.66,3.606,SCREEN-SHADE,0.173,r2n10002,7.384,0.1104,33375.9,461382.9
r2n10003,71.23,2.51,ROLLER-SHADE,0.1478,r2n10003,7.413,0.8864,33014.6,509138.6
r2n10004,34.9,56.51,<value not set>,0.1815,r2n10004,7.368,1.838,33905.6,584588.7
r2n10005,54.08,56.61,SCREEN-SHADE,0.1735,r2n10005,7.286,1.489,33088.2,560221.8
r2n10006,54.08,72.96,SCREEN-SHADE,0.1492,r2n10006,7.37,2.171,34990.6,602866.6
r2n10007,89.58,89.42,SCREEN-SHADE,0.1144,r2n10007,7.561,2.958,36136.7,658250.6
r2n10008,76.22,97.05,<value not set>,0.1216,r2n10008,7.433,1.906,34616.1,637258.3
r2n10009,18.23,49.24,ROLLER-SHADE,0.1451,r2n10009,7.48,1.776,33612.5,542686.4
r2n10010,53.31,14.58,ROLLER-SHADE,0.146,r2n10010,7.546,0.7831,32715.7,484973.2
r2n10011,26.42,1.617,SCREEN-SHADE,0.1224,r2n10011,7.681,0.3341,35529.2,451480.7
r2n10012,23,2.655,<value not set>,0.1777,r2n10012,7.614,0.7817,32972.2,471196.8
r2n10013,17.67,7.89,<value not set>,0.1207,r2n10013,7.485,0.5593,35298,455008.9
r2n10014,32.74,14.16,<value not set>,0.1706,r2n10014,7.504,0.9759,32738.8,482089.6
r2n10015,50.77,63.6,ROLLER-SHADE,0.1179,r2n10015,7.41,1.962,35118.9,596548.7
r2n10016,36.75,95.67,SCREEN-SHADE,0.1544,r2n10016,7.411,2.211,35738.9,634980.7
r2n10017,76.71,85.18,ROLLER-SHADE,0.1266,r2n10017,7.385,2.175,35506.8,639693.7
r2n10018,51.21,35.09,<value not set>,0.1237,r2n10018,7.522,0.9326,33017.5,512193.1
r2n10019,70.05,17.54,SCREEN-SHADE,0.1551,r2n10019,7.413,1.065,32468.2,490044.7
r2n10020,24.36,83.19,<value not set>,0.1686,r2n10020,7.405,2.013,34933.2,607972.8
r2n10021,93.61,50.23,<value not set>,0.1053,r2n10021,7.421,1.524,34183.3,586289.8
r2n10022,86.11,75.79,<value not set>,0.1919,r2n10022,7.424,2.519,34685.9,629048.8
r2n10023,93.93,95.06,ROLLER-SHADE,0.1549,r2n10023,7.45,2.533,35415.4,656339.9
r2n10024,97.03,2.312,ROLLER-SHADE,0.1776,r2n10024,7.34,1.056,32243.1,525973.5
r2n10025,46.84,92.71,SCREEN-SHADE,0.1055,r2n10025,7.478,2.285,35966.9,606678.3
r2n10026,73.12,80.28,SCREEN-SHADE,0.156,r2n10026,7.471,1.812,33111.9,599329.8
r2n10027,4.729,55.47,<value not set>,0.1697,r2n10027,7.393,0.9068,32293.6,532400.8
r2n10028,69.28,3.339,<value not set>,0.107,r2n10028,7.642,0.4033,34941.5,475994
r2n10029,96.81,58.47,ROLLER-SHADE,0.1398,r2n10029,7.41,2.145,34161,614761.4
r2n10030,66.19,71.68,ROLLER-SHADE,0.1108,r2n10030,7.494,2.568,35489,619031.3
r2n10031,14.9,23.89,<value not set>,0.1698,r2n10031,7.374,0.8795,33212.3,507137.4
r2n10032,88.9,78.64,SCREEN-SHADE,0.1771,r2n10032,7.445,2.146,33660.5,613231.2
r2n10033,4.5,85.35,SCREEN-SHADE,0.1054,r2n10033,7.617,1.495,34665.5,570401
r2n10034,96.24,73.44,SCREEN-SHADE,0.1008,r2n10034,7.381,1.73,35446.3,631693.4
r2n10035,12.89,97.55,<value not set>,0.108,r2n10035,7.511,1.765,35159,588251.7
r2n10036,95.76,91.63,<value not set>,0.1618,r2n10036,7.37,2.376,35772,668214.6
r2n10037,18.27,90.84,SCREEN-SHADE,0.1873,r2n10037,7.486,1.382,32103.6,566019.3
r2n10038,34.3,90.36,ROLLER-SHADE,0.118,r2n10038,7.507,2.183,35159.2,615733.9
r2n10039,63.16,70.31,ROLLER-SHADE,0.1602,r2n10039,7.439,2.196,34140,608514.4
r2n10040,54.18,16.97,<value not set>,0.1904,r2n10040,7.192,0.4906,32251.3,481755.4
r2n10041,90.2,86.99,<value not set>,0.139,r2n10041,7.409,2.058,34286.5,641328.1
r2n10042,95.53,5.325,<value not set>,0.1503,r2n10042,7.483,0.5207,32135.2,500363.5
r2n10043,75.31,90.15,SCREEN-SHADE,0.1437,r2n10043,7.432,2.177,34464.8,635375.9
r2n10044,93.61,38.12,<value not set>,0.1776,r2n10044,7.222,1.119,32513.8,552749
r2n10045,16.82,82.69,<value not set>,0.1787,r2n10045,7.494,1.327,32180,559244.2
r2n10046,44.16,34.08,<value not set>,0.124,r2n10046,7.407,1.137,33502.1,509827
r2n10047,74.86,35.94,<value not set>,0.1384,r2n10047,7.405,1.489,33104.9,565428.9
r2n10048,56.01,65.5,SCREEN-SHADE,0.1015,r2n10048,7.433,2.032,35746.4,604777
r2n10049,93.96,29.78,<value not set>,0.1848,r2n10049,7.466,1.584,32453.7,554439
r2n10050,64.73,83.45,SCREEN-SHADE,0.1641,r2n10050,7.442,2.386,34992.5,615094.8
r2n10051,1.926,46.61,ROLLER-SHADE,0.1979,r2n10051,7.258,0.9166,32519.3,490429.5
r2n10052,60.03,21.46,SCREEN-SHADE,0.1092,r2n10052,7.463,0.8417,33993.3,513347.3
r2n10053,85.33,84.51,SCREEN-SHADE,0.1342,r2n10053,7.548,2.797,35298.1,644003.6
r2n10054,75.22,84.07,ROLLER-SHADE,0.1906,r2n10054,7.313,1.884,33927.8,638082.5
r2n10055,60.44,91.63,ROLLER-SHADE,0.1609,r2n10055,7.394,1.781,33460.3,622629.1
r2n10056,43.95,16.82,ROLLER-SHADE,0.1765,r2n10056,7.318,0.8317,32756.8,515372.3
r2n10057,38,79.71,SCREEN-SHADE,0.1212,r2n10057,7.486,2.379,35279.6,589702.2
r2n10058,16.63,82.15,<value not set>,0.1432,r2n10058,7.532,1.314,32917.8,558556.8
r2n10059,2.421,92.61,ROLLER-SHADE,0.105,r2n10059,7.635,1.865,35412.8,595206.8
r2n10060,65.55,55.25,ROLLER-SHADE,0.1673,r2n10060,7.31,1.665,33355.5,593082.6
r2n10061,58.67,64.14,<value not set>,0.1479,r2n10061,7.372,1.383,32714.7,583281.2
r2n10062,28.86,21.26,SCREEN-SHADE,0.1494,r2n10062,7.325,0.6089,33659.5,478788.1
r2n10063,13.23,37.65,ROLLER-SHADE,0.1822,r2n10063,7.325,0.8249,32600.3,517154.7
r2n10064,16.57,97.61,<value not set>,0.1216,r2n10064,7.41,1.566,35043.5,613437.2
r2n10065,47.83,94.78,SCREEN-SHADE,0.139,r2n10065,7.389,1.977,35077.2,636923.2
r2n10066,47.48,79.46,<value not set>,0.1125,r2n10066,7.475,1.942,34879.5,585525.8
r2n10067,70.54,45.3,ROLLER-SHADE,0.1277,r2n10067,7.478,2.135,34530.8,573848.5
r2n10068,40.78,90.45,SCREEN-SHADE,0.1143,r2n10068,7.56,1.837,34458.4,603616.8
r2n10069,96.49,18.22,SCREEN-SHADE,0.1058,r2n10069,7.562,1.39,34258.6,555475.2
r2n10070,49.4,62.2,<value not set>,0.1347,r2n10070,7.366,1.684,34209.6,583489.4
r2n10071,91.34,89.92,ROLLER-SHADE,0.1898,r2n10071,7.41,2.292,34327.7,650663.5
r2n10072,23.09,47.79,ROLLER-SHADE,0.13,r2n10072,7.366,1.162,33416.1,496305.2
r2n10073,11.86,50.18,SCREEN-SHADE,0.1844,r2n10073,7.364,1.422,33298.2,548665.9
r2n10074,93.42,32.46,SCREEN-SHADE,0.1824,r2n10074,7.339,1.466,32348.5,578393.8
r2n10075,20.97,39.88,<value not set>,0.1929,r2n10075,7.264,0.6834,32114.5,511578.7
r2n10076,63.26,76.45,<value not set>,0.1805,r2n10076,7.373,2.218,34302.4,585264.5
r2n10077,76.14,83.93,ROLLER-SHADE,0.1279,r2n10077,7.508,2.116,34310.1,616911.3
r2n10078,56.48,67,SCREEN-SHADE,0.1752,r2n10078,7.345,1.412,32267.2,580866
r2n10079,87.66,27.5,ROLLER-SHADE,0.1699,r2n10079,7.268,1.126,32608.4,549794.5
r2n10080,14.76,20.44,SCREEN-SHADE,0.1396,r2n10080,7.434,0.3124,34636.3,443245.8
r2n10081,79.97,28.25,ROLLER-SHADE,0.1625,r2n10081,7.463,1.581,32899.5,542380.1
r2n10082,21.35,65.8,SCREEN-SHADE,0.1392,r2n10082,7.361,1.23,33693.4,562118.9
r2n10083,38.15,41.55,<value not set>,0.1919,r2n10083,7.371,1.187,31828.3,546893.4
r2n10084,49.59,11.19,<value not set>,0.1028,r2n10084,7.452,1.044,35580.1,499578.2
r2n10086,21.09,4.904,ROLLER-SHADE,0.1311,r2n10086,7.314,0.4978,35583.5,433740.6
r2n10087,21.84,80.64,<value not set>,0.1761,r2n10087,7.502,1.66,32769.3,587122.6
r2n10088,70.22,76.47,ROLLER-SHADE,0.1386,r2n10088,7.538,2.289,34398.3,613011.8
r2n10089,31.85,94.79,SCREEN-SHADE,0.1076,r2n10089,7.441,2.141,36174.8,623016.1
r2n10090,7.148,28.17,<value not set>,0.1344,r2n10090,7.429,0.3203,34656,488761.8
r2n10091,63.3,23.58,SCREEN-SHADE,0.1384,r2n10091,7.422,1.128,32937.4,536737.6
r2n10092,71.22,67.29,SCREEN-SHADE,0.1838,r2n10092,7.333,1.55,32414,590244.2
r2n10093,84.46,35.85,<value not set>,0.1909,r2n10093,7.457,1.557,32122.8,550164.2
r2n10094,82.19,66.93,<value not set>,0.1589,r2n10094,7.326,1.897,34063.4,620949.9
r2n10095,65.84,92.57,<value not set>,0.1434,r2n10095,7.477,2.706,35277.6,646022.7
r2n10096,26.07,61.07,SCREEN-SHADE,0.1585,r2n10096,7.37,1.73,34009.1,562788
r2n10097,45.49,72.38,<value not set>,0.1174,r2n10097,7.409,1.985,35217,598341.4
r2n10098,2.246,51.58,<value not set>,0.1428,r2n10098,7.394,1.674,34461.2,524492.8
r2n10099,52.28,33.66,<value not set>,0.1703,r2n10099,7.275,0.8316,32351,525259
r2n10100,23.47,86.8,ROLLER-SHADE,0.1538,r2n10100,7.509,1.389,32696.5,570393.4
r3n10001,74.93,79.13,<value not set>,0.1336,r3n10001,7.379,1.814,33943.4,594477.8
r3n10002,17.16,99.28,ROLLER-SHADE,0.1322,r3n10002,7.514,1.846,34414.8,606393.8
r3n10003,51.11,97.76,SCREEN-SHADE,0.1874,r3n10003,7.374,2.011,33967.6,604024
r3n10004,14.36,55.91,ROLLER-SHADE,0.1464,r3n10004,7.369,1.564,34134.6,535364.5
r3n10005,82.34,22.94,ROLLER-SHADE,0.1393,r3n10005,7.385,1.157,32762.6,544581
r3n10006,66.28,70.8,<value not set>,0.1243,r3n10006,7.366,1.795,34638.2,612424.9
r3n10007,47.14,70.98,ROLLER-SHADE,0.1375,r3n10007,7.531,1.893,33501.5,592337.8
r3n10008,99.78,20.01,SCREEN-SHADE,0.11,r3n10008,7.561,1.535,34041.8,544344.3
r3n10009,58.28,84.59,ROLLER-SHADE,0.1077,r3n10009,7.571,2.141,34879.7,623826.4
r3n10010,44.77,87.85,ROLLER-SHADE,0.1705,r3n10010,7.5,1.835,32969.1,593898.8
r3n10011,80.75,72.83,SCREEN-SHADE,0.1179,r3n10011,7.543,2.296,34761.3,616207.8
r3n10012,59.69,84.34,SCREEN-SHADE,0.1603,r3n10012,7.368,2.101,34708.1,633495.8
r3n10013,43.51,5.473,ROLLER-SHADE,0.1864,r3n10013,7.486,0.5306,32308.6,456252
r3n10014,81.98,26.2,SCREEN-SHADE,0.1827,r3n10014,7.235,0.8773,32131.7,539232.1
r3n10015,57.27,89.15,<value not set>,0.1841,r3n10015,7.389,2.385,35477.2,644899.5
r3n10016,85.89,38.44,SCREEN-SHADE,0.1161,r3n10016,7.398,1.007,33343.1,567493.8
r3n10017,6.348,87.59,<value not set>,0.1662,r3n10017,7.504,1.307,32555.3,562542.8
r3n10018,21.5,98.05,SCREEN-SHADE,0.1062,r3n10018,7.502,1.524,34811.1,600875.3
r3n10019,88.88,68.6,SCREEN-SHADE,0.1159,r3n10019,7.354,1.694,34751.9,617196.4
r3n10020,47.08,57.61,ROLLER-SHADE,0.1513,r3n10020,7.438,1.873,33522.4,575152.6
r3n10021,45.28,60.64,SCREEN-SHADE,0.1994,r3n10021,7.379,1.66,32430.7,577960.9
r3n10022,56.92,96.96,SCREEN-SHADE,0.1959,r3n10022,7.472,1.779,32761.3,607213.7
r3n10023,0.194,30.55,<value not set>,0.1048,r3n10023,7.706,0.9922,35369.5,504246
r3n10024,32.81,16.28,ROLLER-SHADE,0.1749,r3n10024,7.416,0.9568,32537,498477
r3n10025,29.06,66.89,<value not set>,0.1794,r3n10025,7.422,1.692,32950.4,576065.9
r3n10026,38.14,58.7,SCREEN-SHADE,0.128,r3n10026,7.426,1.255,33189.6,548912.2
r3n10027,8.809,55.7,<value not set>,0.1577,r3n10027,7.253,0.8492,33080,494124.5
r3n10028,37.26,16.7,ROLLER-SHADE,0.107,r3n10028,7.504,0.7082,34791.2,488758.9
r3n10029,79.18,5.884,SCREEN-SHADE,0.145,r3n10029,7.56,1.424,33339.4,519913
r3n10030,90.26,76.95,ROLLER-SHADE,0.1167,r3n10030,7.548,2.672,35188.6,628750.4
r3n10031,54.38,38.65,ROLLER-SHADE,0.1369,r3n10031,7.34,0.9916,33355.1,539118.5
r3n10032,49.31,33.38,SCREEN-SHADE,0.1556,r3n10032,7.311,0.7996,32756.2,537958
r3n10033,59.87,54.65,<value not set>,0.138,r3n10033,7.454,2.249,34136.3,585530.1
r3n10034,0.8924,20.2,SCREEN-SHADE,0.192,r3n10034,7.334,0.3316,33422.8,478073.2
r3n10035,92.85,64.34,ROLLER-SHADE,0.1364,r3n10035,7.341,2.16,35029.5,612713.9
r3n10036,67.35,67.01,<value not set>,0.1494,r3n10036,7.461,1.583,32661.7,570208.6
r3n10037,66.25,17.69,<value not set>,0.1665,r3n10037,7.425,0.6385,31624.1,478813.8
r3n10038,77.64,50.72,SCREEN-SHADE,0.1427,r3n10038,7.384,2.309,34905.7,605647.9
r3n10039,24.25,94.42,SCREEN-SHADE,0.1961,r3n10039,7.317,1.527,33555.6,603509.5
r3n10040,1.36,13.36,SCREEN-SHADE,0.1126,r3n10040,7.455,0.3947,37125.3,464207
r3n10041,55.1,21.37,SCREEN-SHADE,0.1823,r3n10041,7.443,0.9535,31522.8,494869.9
r3n10042,41.16,86.04,SCREEN-SHADE,0.1791,r3n10042,7.354,1.911,34189.8,622113.8
r3n10043,20.13,68.54,ROLLER-SHADE,0.1247,r3n10043,7.49,1.4,33654.7,541323.5
r3n10044,0.7084,51.35,SCREEN-SHADE,0.1413,r3n10044,7.596,1.352,33484.8,524345.9
r3n10045,33.59,73.16,<value not set>,0.1294,r3n10045,7.465,1.785,34027.3,577740.5
r3n10046,76.98,93.1,SCREEN-SHADE,0.116,r3n10046,7.39,1.98,35527.2,650795.3
r3n10047,76.66,71.09,<value not set>,0.1604,r3n10047,7.474,1.961,33179.9,594002.2
r3n10048,4.932,29.99,SCREEN-SHADE,0.145,r3n10048,7.434,0.5336,33871.2,501635.4
r3n10049,40.89,60.99,SCREEN-SHADE,0.1443,r3n10049,7.341,1.374,33565,577441.4
r3n10050,84.52,93.98,SCREEN-SHADE,0.1775,r3n10050,7.427,2.608,36387.9,678549.1
r3n10051,95.21,5.891,<value not set>,0.1805,r3n10051,7.416,0.8005,31508,489323.3
r3n10052,42.07,19.72,<value not set>,0.1503,r3n10052,7.528,0.929,32610.7,490227.8
r3n10053,68.35,2.484,<value not set>,0.1099,r3n10053,7.656,1.27,34772.8,512249.5
r3n10054,47.69,9.914,ROLLER-SHADE,0.1066,r3n10054,7.541,1.115,34960.3,516501.4
r3n10055,72.1,43.17,ROLLER-SHADE,0.1183,r3n10055,7.426,1.32,33554,568408
r3n10056,44.98,41.88,<value not set>,0.1896,r3n10056,7.244,1.342,32921.3,512799.7
r3n10057,20.05,13.47,<value not set>,0.1491,r3n10057,7.613,0.7381,33480.9,467353.2
r3n10058,82.2,42.49,SCREEN-SHADE,0.1289,r3n10058,7.403,1.534,33465.7,569339.4
r3n10059,70.58,82.76,ROLLER-SHADE,0.1846,r3n10059,7.488,2.164,33418,613516.1
r3n10060,99.62,3.132,SCREEN-SHADE,0.1432,r3n10060,7.519,1.371,33104.2,520432.1
r3n10061,43.7,29.01,SCREEN-SHADE,0.1714,r3n10061,7.317,0.5923,31729.7,501472.3
r3n10062,75.39,75.48,<value not set>,0.126,r3n10062,7.4,2.339,35598.3,630901.5
r3n10063,84.14,62.77,ROLLER-SHADE,0.193,r3n10063,7.303,1.5,32148.8,595472
r3n10064,79.58,45.58,ROLLER-SHADE,0.1158,r3n10064,7.534,1.815,34142.9,585274.7
r3n10065,34.75,92.76,ROLLER-SHADE,0.1542,r3n10065,7.422,2.289,35612.8,631147
r3n10066,91.34,5.408,SCREEN-SHADE,0.13,r3n10066,7.532,0.6801,33042.1,493769.6
r3n10067,62.63,86.05,ROLLER-SHADE,0.1242,r3n10067,7.38,1.908,35068.4,627293.8
r3n10068,9.1,28.48,<value not set>,0.1329,r3n10068,7.371,0.3951,35288,496037
r3n10069,25.61,13.37,SCREEN-SHADE,0.1437,r3n10069,7.628,1.2,33668.3,494083.1
r3n10070,2.645,83.9,SCREEN-SHADE,0.1867,r3n10070,7.449,1.77,33603.5,564175.3
r3n10071,50.92,65.99,ROLLER-SHADE,0.1219,r3n10071,7.355,1.367,34126.7,578030.8
r3n10072,76.83,13.54,SCREEN-SHADE,0.1705,r3n10072,7.346,0.9812,32035.1,527453.5
r3n10073,55.83,6.104,SCREEN-SHADE,0.1966,r3n10073,7.488,0.7608,31710.4,478484.9
r3n10074,24.15,25.74,ROLLER-SHADE,0.1763,r3n10074,7.536,1.122,32464.3,502029.7
r3n10075,40.78,51.2,ROLLER-SHADE,0.1494,r3n10075,7.5,1.565,32984.2,543833.7
r3n10076,94.27,85.71,ROLLER-SHADE,0.1266,r3n10076,7.525,2.403,34982.4,639651
r3n10077,13.14,26.87,SCREEN-SHADE,0.1037,r3n10077,7.499,1.025,35589,502910.3
r3n10078,89.88,80.13,<value not set>,0.144,r3n10078,7.359,2.107,34973.9,649067.6
r3n10079,15.83,99.77,ROLLER-SHADE,0.1181,r3n10079,7.604,2.05,34998.9,608841.6
r3n10080,90.2,57.74,<value not set>,0.1434,r3n10080,7.478,1.802,33066.2,577433.2
r3n10081,29.55,20.36,SCREEN-SHADE,0.1445,r3n10081,7.578,0.7585,33014.5,479364
r3n10082,77.51,85.65,<value not set>,0.1108,r3n10082,7.443,1.999,34867.8,620855.9
r3n10083,60.09,72.97,<value not set>,0.181,r3n10083,7.333,1.94,33940.9,616272.4
r3n10084,99.88,89.5,SCREEN-SHADE,0.1614,r3n10084,7.373,1.889,33847.8,642135.1
r3n10085,55.41,94.13,ROLLER-SHADE,0.1677,r3n10085,7.484,2.406,35298.1,636947.5
r3n10086,30.26,79.47,SCREEN-SHADE,0.1152,r3n10086,7.392,1.547,34854.4,583179.1
r3n10087,36.57,78.52,<value not set>,0.1444,r3n10087,7.355,1.591,34044,603070.1
r3n10088,47.18,57.2,ROLLER-SHADE,0.1013,r3n10088,7.477,1.255,34249.5,558639.6
r3n10089,54.93,85.53,<value not set>,0.1837,r3n10089,7.468,1.692,32352.3,581880.7
r3n10090,50.41,52.4,SCREEN-SHADE,0.1246,r3n10090,7.379,1.526,34255.8,566726.2
r3n10091,36.75,37.03,SCREEN-SHADE,0.1689,r3n10091,7.375,0.8857,31927.2,525630.4
r3n10092,44.21,65.77,SCREEN-SHADE,0.1484,r3n10092,7.543,1.886,33553.2,588973.6
r3n10093,32.44,62.36,SCREEN-SHADE,0.1611,r3n10093,7.538,1.764,33100.5,563066.4
r3n10094,18.98,79.83,<value not set>,0.1661,r3n10094,7.349,1.534,33687.8,589790.6
r3n10095,9.356,41.05,SCREEN-SHADE,0.1911,r3n10095,7.554,1.234,32565.2,526721.4
r3n10096,96.38,38.37,<value not set>,0.1848,r3n10096,7.415,1.55,32142.2,556579.7
r3n10097,45.16,70.65,SCREEN-SHADE,0.1699,r3n10097,7.489,1.583,32396.3,563303.7
r3n10098,30.87,23.96,<value not set>,0.1144,r3n10098,7.519,0.9945,34181.2,517522.1
r3n10099,94.98,4.874,SCREEN-SHADE,0.1996,r3n10099,7.264,1.028,32422.5,536590.8
r3n10100,14.28,93.45,<value not set>,0.13,r3n10100,7.388,1.423,34553.1,605789.2
r3n10101,75.39,17.4,SCREEN-SHADE,0.1235,r3n10101,7.442,1.27,33667,533027.4
r3n10102,21.49,92.16,SCREEN-SHADE,0.1056,r3n10102,7.471,1.878,35396.6,580516.7
r3n10103,81.07,79.38,SCREEN-SHADE,0.1677,r3n10103,7.311,1.857,34046.3,623176
r3n10104,87.1,32.52,<value not set>,0.1323,r3n10104,7.371,1.165,32849.7,551572.2
r3n10105,90.88,24.62,<value not set>,0.1133,r3n10105,7.38,1.449,34587.1,552944.9
r3n10106,41.66,30.05,SCREEN-SHADE,0.1802,r3n10106,7.487,1.165,31958.1,513131.3
r3n10107,66.21,25.84,<value not set>,0.1511,r3n10107,7.343,0.7414,32101.2,522121.3
r3n10108,6.723,71.82,ROLLER-SHADE,0.1364,r3n10108,7.547,1.177,33052.7,542097.7
r3n10109,21.46,81.8,ROLLER-SHADE,0.1127,r3n10109,7.439,1.491,34415.8,557457.3
r3n10110,71.04,81.72,ROLLER-SHADE,0.1377,r3n10110,7.363,2.016,34816.2,629181.3
r5n10001,40.01,96.68,ROLLER-SHADE,0.1547,r5n10001,7.511,2.119,34195.6,611026.7
r5n10002,74.67,63.74,SCREEN-SHADE,0.1326,r5n10002,7.4,2.496,35499.4,617085
r5n10003,14.8,29.17,ROLLER-SHADE,0.1712,r5n10003,7.343,0.74,32941,506326.3
r5n10004,48.87,88.02,SCREEN-SHADE,0.1299,r5n10004,7.381,1.85,34875.9,624323.2
r5n10005,10.56,32.73,ROLLER-SHADE,0.1554,r5n10005,7.555,1.262,33183.4,503252
r5n10006,66.83,30.23,ROLLER-SHADE,0.1733,r5n10006,7.309,1.275,32815.2,549256.2
r5n10007,53.25,49.65,ROLLER-SHADE,0.1839,r5n10007,7.415,1.833,33229.3,570373
r5n10008,9.357,9.384,<value not set>,0.1159,r5n10008,7.408,0.5991,36396.5,449336.3
r5n10009,48.38,55.68,<value not set>,0.1377,r5n10009,7.446,2.262,34063.7,564998.2
r5n10010,3.959,91.07,ROLLER-SHADE,0.1598,r5n10010,7.413,1.927,34802.3,605446.6
r5n10011,19.18,75.72,ROLLER-SHADE,0.1452,r5n10011,7.388,1.8,34339.1,588928
r5n10012,83.5,26.4,<value not set>,0.1701,r5n10012,7.451,1.261,31972.8,529233.2
r5n10013,53.54,80.44,<value not set>,0.1626,r5n10013,7.524,2.195,33972.9,621930.2
r5n10014,94.98,24.51,SCREEN-SHADE,0.1429,r5n10014,7.393,1.497,33239.1,561651
r5n10015,87.9,14.41,<value not set>,0.1565,r5n10015,7.471,0.8377,31935.6,504876
r5n10016,88.65,49.15,ROLLER-SHADE,0.1189,r5n10016,7.451,2.327,34733.9,600323.8
r5n10017,2.244,5.786,SCREEN-SHADE,0.1346,r5n10017,7.669,0.3247,35676.3,446685.3
r5n10018,64.71,85.6,<value not set>,0.163,r5n10018,7.441,2.274,34358.8,627685.4
r5n10019,31.87,44.08,ROLLER-SHADE,0.1802,r5n10019,7.498,1.331,32069.4,530019.8
r5n10020,70.59,64.43,SCREEN-SHADE,0.1407,r5n10020,7.513,1.956,33518.4,587127.5
r5n10021,27.25,54.85,ROLLER-SHADE,0.119,r5n10021,7.451,1.026,33475.4,531190.1
r5n10022,72.57,12.94,<value not set>,0.1235,r5n10022,7.573,0.817,33369.7,497553.4
r5n10023,61.94,25.99,SCREEN-SHADE,0.121,r5n10023,7.369,0.8481,33928.5,519348.9
r5n10024,1.02,16.59,SCREEN-SHADE,0.1011,r5n10024,7.567,0.2536,37018.3,473626
r5n10025,38.93,94.95,ROLLER-SHADE,0.1744,r5n10025,7.429,1.936,33805.4,608083.3
r5n10026,99.1,56.05,ROLLER-SHADE,0.1223,r5n10026,7.531,2.491,34735.6,607561.8
r5n10027,22.95,24.59,ROLLER-SHADE,0.1986,r5n10027,7.475,0.6818,31479.7,473616
r5n10028,53.82,51.25,<value not set>,0.1254,r5n10028,7.476,1.557,33530.1,556820.3
r5n10029,46.63,91.91,ROLLER-SHADE,0.1891,r5n10029,7.516,2.21,34265.7,620817.9
r5n10030,13.48,59.2,SCREEN-SHADE,0.1016,r5n10030,7.642,1.59,35013.4,554344.1
r5n10031,33.27,67.5,SCREEN-SHADE,0.1815,r5n10031,7.379,1.431,32318.2,568254.9
r5n10032,87.03,40.33,SCREEN-SHADE,0.1555,r5n10032,7.401,1.79,33472.3,584092.4
r5n10033,51.52,69.17,SCREEN-SHADE,0.1543,r5n10033,7.545,2.133,34168.5,600053.6
r5n10034,16.13,12.62,ROLLER-SHADE,0.1275,r5n10034,7.331,0.6768,35195.5,442817
r5n10035,54.46,47.19,SCREEN-SHADE,0.1993,r5n10035,7.322,1.215,31547.5,561641.2
r5n10036,83.14,97.5,ROLLER-SHADE,0.1506,r5n10036,7.353,1.893,34906.1,657210.2
r5n10037,86.25,35.91,SCREEN-SHADE,0.1077,r5n10037,7.432,1.243,33863.7,569097
r5n10038,19.2,96.45,<value not set>,0.1641,r5n10038,7.501,1.429,32747.4,596089.3
r5n10039,32.83,46.95,<value not set>,0.1711,r5n10039,7.27,0.847,31753.9,494085.1
r5n10040,55.5,14.13,SCREEN-SHADE,0.1877,r5n10040,7.285,0.8499,32451.5,509427.4
r5n10041,59.46,68.82,<value not set>,0.1691,r5n10041,7.424,1.549,32195.8,561125.1
r5n10042,43.42,67.7,<value not set>,0.1785,r5n10042,7.428,1.97,33566.3,583465.2
r5n10043,86.45,38.85,<value not set>,0.168,r5n10043,7.253,1.159,32548.6,570536.6
r5n10044,33.93,34.92,SCREEN-SHADE,0.1029,r5n10044,7.48,1.302,35342.1,548769.8
r5n10045,9.918,60.45,<value not set>,0.1992,r5n10045,7.359,1.017,31660.5,543022.1
r5n10046,70.43,6.077,SCREEN-SHADE,0.1906,r5n10046,7.197,0.6623,32415.5,477294.4
r5n10047,43.04,66.38,SCREEN-SHADE,0.1095,r5n10047,7.58,1.868,34470.4,591923.2
r5n10048,98.79,12.56,SCREEN-SHADE,0.1473,r5n10048,7.376,1.317,32999.1,541470.8
r5n10049,36.36,4.663,SCREEN-SHADE,0.189,r5n10049,7.53,0.6145,32355.6,461531.2
r5n10050,92.9,42.09,<value not set>,0.1574,r5n10050,7.342,1.428,32560.9,583337.3
r5n10051,5.749,48.1,<value not set>,0.1605,r5n10051,7.573,1.383,33063.1,529323.7
r5n10052,24.55,80,SCREEN-SHADE,0.1474,r5n10052,7.402,1.919,34787.6,608389.1
r5n10053,17.18,11.37,ROLLER-SHADE,0.1592,r5n10053,7.627,0.8578,33397.7,477376.2
r5n10054,93.02,3.787,<value not set>,0.1854,r5n10054,7.163,0.7242,32467.6,475411.4
r5n10055,52.93,98.95,ROLLER-SHADE,0.1058,r5n10055,7.58,2.362,35507.3,648076.4
r5n10056,32.23,92.61,<value not set>,0.111,r5n10056,7.606,2.446,35516.2,620782.2
r5n10057,96.02,40.96,SCREEN-SHADE,0.1052,r5n10057,7.36,1.602,35127.9,571937.4
r5n10058,23.27,90.62,ROLLER-SHADE,0.178,r5n10058,7.537,1.925,33516.5,600466.1
r5n10059,33.18,68.31,ROLLER-SHADE,0.1378,r5n10059,7.436,2.243,34521.9,564266.9
r5n10060,58.12,9.744,<value not set>,0.1269,r5n10060,7.336,0.5184,33845.2,467788.5
r5n10061,92.92,48.51,<value not set>,0.1001,r5n10061,7.405,1.478,34443.9,568333.7
r5n10062,37.43,42.79,<value not set>,0.184,r5n10062,7.405,1.402,32410.1,550605.9
r5n10063,90.5,10.71,<value not set>,0.1947,r5n10063,7.275,1.122,32497.2,549107.6
r5n10064,81.58,69.56,SCREEN-SHADE,0.1465,r5n10064,7.473,1.762,33071.6,589832.7
r5n10065,37.59,92.37,<value not set>,0.1011,r5n10065,7.465,2.23,36592.2,633146.4
r5n10066,72.14,88.7,<value not set>,0.1041,r5n10066,7.476,2.201,35388.8,630337
r5n10067,28.25,60.51,ROLLER-SHADE,0.1822,r5n10067,7.478,1.363,31897.3,541998
r5n10068,88.41,13.73,<value not set>,0.1104,r5n10068,7.394,1.002,34531.5,536509.3
r5n10069,85.99,86.5,ROLLER-SHADE,0.1629,r5n10069,7.34,1.98,34598.2,647230.2
r5n10070,36.38,44.18,SCREEN-SHADE,0.19,r5n10070,7.477,1.163,31575.6,519231
r5n10071,78.63,62.97,<value not set>,0.1918,r5n10071,7.257,1.523,32920.2,597464.2
r5n10072,96.77,92.74,<value not set>,0.168,r5n10072,7.511,2.478,34693.2,649562.5
r5n10073,79.6,94.94,<value not set>,0.1041,r5n10073,7.512,2.672,36622,655872.1
r5n10074,74.97,54.04,<value not set>,0.1496,r5n10074,7.379,2.245,34833.1,608727.1
r5n10075,17,29.86,ROLLER-SHADE,0.1255,r5n10075,7.4,0.5424,34648.9,497842
r5n10076,82.64,67.78,<value not set>,0.1061,r5n10076,7.372,1.61,34980.2,618379.4
r5n10077,14.56,5.939,<value not set>,0.1246,r5n10077,7.715,0.9569,34888,473781.3
r5n10078,63.94,10.11,ROLLER-SHADE,0.113,r5n10078,7.505,1.437,34517.4,532001.5
r5n10079,48.71,89.18,<value not set>,0.1334,r5n10079,7.404,2.167,35335.6,631264.4
r5n10080,94.89,48.69,<value not set>,0.1638,r5n10080,7.448,1.627,32437.3,567353.7
r5n10081,73.46,79.33,SCREEN-SHADE,0.1209,r5n10081,7.442,2.019,34518.6,618203.2
r5n10082,66.45,45.33,ROLLER-SHADE,0.1561,r5n10082,7.497,1.585,32639.2,549690.8
r5n10083,68.69,67.8,SCREEN-SHADE,0.1681,r5n10083,7.476,2.039,33243.7,604700.8
r5n10084,21.9,4.741,SCREEN-SHADE,0.1781,r5n10084,7.379,0.7479,33499.7,479686.6
r5n10085,88.34,73.99,SCREEN-SHADE,0.1853,r5n10085,7.455,1.893,32793.4,601089.1
r5n10086,40.05,41.35,<value not set>,0.1633,r5n10086,7.436,1.513,33064.1,548451.5
r5n10087,18.34,46.12,ROLLER-SHADE,0.1557,r5n10087,7.328,0.7881,32974.8,530188.3
r5n10088,65.7,23.54,<value not set>,0.1595,r5n10088,7.321,1.306,33265.4,524152.3
r5n10089,54.12,54.01,ROLLER-SHADE,0.1118,r5n10089,7.552,1.243,33524.6,541054
r5n10090,50.18,16.67,ROLLER-SHADE,0.1977,r5n10090,7.276,0.5234,31542.1,506368.3
r5n10091,82.69,88.13,<value not set>,0.1645,r5n10091,7.417,2.2,34307.7,639113.2
r5n10092,20.88,51.94,SCREEN-SHADE,0.1716,r5n10092,7.553,1.606,33054.9,550816.6
r5n10093,33.84,7.084,ROLLER-SHADE,0.1163,r5n10093,7.503,0.7747,34699.8,473338.6
r5n10094,80.38,69,SCREEN-SHADE,0.1964,r5n10094,7.431,1.774,32328.6,588756.7
r5n10095,10.73,3.713,ROLLER-SHADE,0.1525,r5n10095,7.608,0.3519,34733.7,445549.4
r5n10096,16.55,83.72,SCREEN-SHADE,0.1825,r5n10096,7.526,1.892,33598.1,599921
r5n10097,18,2.181,<value not set>,0.1049,r5n10097,7.508,0.5245,36911.8,473863.7
r5n10098,47.1,72.35,SCREEN-SHADE,0.1162,r5n10098,7.396,1.7,34408.3,562367.9
r5n10099,1.888,85.27,SCREEN-SHADE,0.1266,r5n10099,7.543,1.791,34561.4,582923.1
r5n10100,40.9,91.8,<value not set>,0.1623,r5n10100,7.356,1.829,34330.2,619237.9
r5n10101,16.5,43.76,ROLLER-SHADE,0.1568,r5n10101,7.32,0.677,33003.6,512923.3
r5n10102,46.9,75.69,ROLLER-SHADE,0.1338,r5n10102,7.465,2.057,34320,600460.4
r5n10103,97.77,18.41,SCREEN-SHADE,0.1235,r5n10103,7.356,1.744,34285.8,529033.8
r5n10104,82.68,82.57,SCREEN-SHADE,0.1648,r5n10104,7.314,1.778,34110.5,629147.3
r5n10105,56.83,84.92,ROLLER-SHADE,0.108,r5n10105,7.579,2.365,35413,622828
r5n10106,95.71,66.04,ROLLER-SHADE,0.1906,r5n10106,7.455,2.182,33505.8,609839.3
r5n10107,76.54,10.52,SCREEN-SHADE,0.1825,r5n10107,7.456,0.807,31522.7,490816.7
r5n10108,3.248,96.4,SCREEN-SHADE,0.1196,r5n10108,7.433,1.378,34446.3,557294.3
r5n10109,34.57,88.69,<value not set>,0.1394,r5n10109,7.5,2.425,35072.5,611257.9
r5n10110,98.79,43.9,SCREEN-SHADE,0.1855,r5n10110,7.279,1.617,33218.1,592893.2
r6n10001,36.06,41.93,<value not set>,0.1213,r6n10001,7.573,1.259,33552.3,529731
r6n10002,28.5,36.49,<value not set>,0.1218,r6n10002,7.58,0.6834,33365.1,492564.9
r6n10003,82,19.41,ROLLER-SHADE,0.1967,r6n10003,7.3,0.6862,30833.1,486248.9
r6n10004,1.366,55.81,<value not set>,0.1794,r6n10004,7.366,1.477,33562.8,536888.7
r6n10005,55.42,75.6,SCREEN-SHADE,0.1148,r6n10005,7.55,1.758,34016.7,585817.2
r6n10006,4.96,5.296,<value not set>,0.1693,r6n10006,7.577,0.2675,34199.5,445991.9
r6n10007,84.17,2.168,<value not set>,0.187,r6n10007,7.246,0.7043,32479,525927.7
r6n10008,25.61,34.35,ROLLER-SHADE,0.1548,r6n10008,7.368,0.9666,33204.4,531692
r6n10009,53.57,77.88,ROLLER-SHADE,0.1353,r6n10009,7.479,2.473,34871,615049.3
r6n10010,40.49,81.46,ROLLER-SHADE,0.129,r6n10010,7.529,1.508,33277.6,571222.6
r6n10011,19.96,73.96,SCREEN-SHADE,0.1697,r6n10011,7.501,1.318,32164.1,542031.1
r6n10012,2.79,6.147,SCREEN-SHADE,0.1195,r6n10012,7.531,0.2638,36105.8,454029.8
r6n10013,11.37,71.31,ROLLER-SHADE,0.1088,r6n10013,7.461,1.874,35665.9,543661.9
r6n10014,77.69,41.81,ROLLER-SHADE,0.1073,r6n10014,7.405,1.752,34993.7,582615.5
r6n10015,7.434,80.83,<value not set>,0.135,r6n10015,7.38,1.242,34093.3,577760.6
r6n10016,1.529,82.35,<value not set>,0.1384,r6n10016,7.432,2.1,35068.4,593073.5
r6n10017,51.73,92.81,<value not set>,0.1198,r6n10017,7.517,2.74,35928.1,636245.7
r6n10018,89.86,41.02,SCREEN-SHADE,0.1539,r6n10018,7.235,1.31,33446.9,541237.7
r6n10019,48.94,55.47,SCREEN-SHADE,0.1372,r6n10019,7.432,1.666,33399.9,565491.9
r6n10020,62.48,67.8,ROLLER-SHADE,0.1576,r6n10020,7.337,1.873,33992.8,610103.1
r6n10021,52.39,10.55,ROLLER-SHADE,0.1116,r6n10021,7.44,0.777,35088.4,506051.1
r6n10022,99.82,24.33,ROLLER-SHADE,0.1979,r6n10022,7.313,1.375,31977.4,569273.6
r6n10023,65.47,9.706,ROLLER-SHADE,0.1317,r6n10023,7.4,0.4762,33461.1,512834.7
r6n10024,12.83,43.98,<value not set>,0.1681,r6n10024,7.462,1.343,33005.7,540391.1
r6n10025,48.58,27.64,SCREEN-SHADE,0.1115,r6n10025,7.62,1.301,34247.4,526402.2
r6n10026,22.01,11.51,SCREEN-SHADE,0.161,r6n10026,7.616,0.9051,33246.8,485569.9
r6n10027,55.28,40.59,ROLLER-SHADE,0.1356,r6n10027,7.331,1.029,33403.5,536328.4
r6n10028,64.52,52.31,<value not set>,0.1062,r6n10028,7.41,1.732,35078.6,584290.2
r6n10029,92.28,31.75,SCREEN-SHADE,0.1455,r6n10029,7.319,1.343,33449.4,570378.2
r6n10030,63.98,61.44,SCREEN-SHADE,0.1284,r6n10030,7.502,2.03,34164.9,593656
r6n10031,20.49,52.23,<value not set>,0.177,r6n10031,7.486,1.063,31644.2,511938.8
r6n10032,5.529,21.52,SCREEN-SHADE,0.1298,r6n10032,7.546,1.102,34351.5,465639.2
r6n10033,72.65,48.66,<value not set>,0.1419,r6n10033,7.314,1.345,33389.7,578434.8
r6n10034,99.58,89.38,ROLLER-SHADE,0.1712,r6n10034,7.387,2.431,35697.6,672257.5
r6n10035,2.076,63.49,ROLLER-SHADE,0.1966,r6n10035,7.381,1.077,31677.7,496020
r6n10036,29.26,90.81,<value not set>,0.1786,r6n10036,7.37,1.922,34370.7,616561.6
r6n10037,10.18,24.42,<value not set>,0.1162,r6n10037,7.67,0.8998,34576.8,493867.7
r6n10038,11.14,35.91,SCREEN-SHADE,0.1508,r6n10038,7.467,1.123,33206.9,507078.1
r6n10039,48.36,31.67,SCREEN-SHADE,0.1234,r6n10039,7.424,0.6718,33183.6,515713.8
r6n10040,41.62,78.72,<value not set>,0.1615,r6n10040,7.433,1.91,33582.5,602372.7
r6n10041,30.35,90.54,ROLLER-SHADE,0.1765,r6n10041,7.54,2.025,33594.5,603428.7
r6n10042,85.62,26.26,ROLLER-SHADE,0.1186,r6n10042,7.544,1.288,33451.3,533934.6
r6n10043,85.56,10.55,ROLLER-SHADE,0.1899,r6n10043,7.229,0.599,31272.3,499264.1
r6n10044,37.94,67.31,ROLLER-SHADE,0.1539,r6n10044,7.467,1.999,34097,593263
r6n10045,17.1,10.68,SCREEN-SHADE,0.1349,r6n10045,7.445,0.7265,34712.1,490605.9
r6n10046,36.53,47.34,ROLLER-SHADE,0.158,r6n10046,7.369,1.285,32573.8,520445.2
r6n10047,12.11,14.88,ROLLER-SHADE,0.1621,r6n10047,7.471,0.8656,33316.5,481853.2
r6n10048,66.05,54.66,<value not set>,0.1276,r6n10048,7.33,1.622,34236,565256.5
r6n10049,49.76,21.41,SCREEN-SHADE,0.1163,r6n10049,7.49,1.498,34220.7,520754.5
r6n10050,22.2,67.93,ROLLER-SHADE,0.156,r6n10050,7.477,1.414,32578.6,543028.7
r6n10051,40.92,94.55,SCREEN-SHADE,0.1784,r6n10051,7.34,1.764,34088.6,622610.1
r6n10052,5.468,98.86,<value not set>,0.1055,r6n10052,7.566,2.062,36110.7,609953.5
r6n10053,84.6,68.87,ROLLER-SHADE,0.102,r6n10053,7.532,1.645,34243.4,589094.6
r6n10054,22.11,16.68,ROLLER-SHADE,0.1901,r6n10054,7.324,0.7451,32865.1,492444.6
r6n10055,18.45,62.89,SCREEN-SHADE,0.1407,r6n10055,7.577,1.979,33773.4,562258.8
r6n10056,48.01,15.71,ROLLER-SHADE,0.1073,r6n10056,7.529,1.243,34823.7,521641
r6n10057,3.287,80.73,SCREEN-SHADE,0.1792,r6n10057,7.31,1.471,33518.4,553131.2
r6n10058,36.27,27.63,ROLLER-SHADE,0.131,r6n10058,7.421,1.598,33786.2,502783.1
r6n10059,19.64,71.86,<value not set>,0.193,r6n10059,7.518,1.768,32913.9,585908.7
r6n10060,86.2,61.23,ROLLER-SHADE,0.1587,r6n10060,7.465,1.754,32724.5,577467.8
r6n10061,78.38,54.65,SCREEN-SHADE,0.1033,r6n10061,7.431,2.181,36029.2,611919.2
r6n10062,6.671,59.09,SCREEN-SHADE,0.1526,r6n10062,7.548,1.406,33031.2,536655.4
r6n10063,19.9,59.43,SCREEN-SHADE,0.1443,r6n10063,7.345,1.039,33362.4,546289.4
r6n10064,74.74,22.4,ROLLER-SHADE,0.1411,r6n10064,7.376,1.658,33975.2,556696.5
r6n10065,29.45,74.34,SCREEN-SHADE,0.1642,r6n10065,7.337,1.536,33571.9,593065.3
r6n10066,67.43,48.54,ROLLER-SHADE,0.1898,r6n10066,7.281,1.496,32763,584962.1
r6n10067,92.64,96.64,<value not set>,0.1871,r6n10067,7.476,2.343,34271.1,644321
r6n10068,50.19,36.34,SCREEN-SHADE,0.1587,r6n10068,7.293,0.7411,32616.4,532618.4
r6n10069,83.24,1.904,ROLLER-SHADE,0.1469,r6n10069,7.364,1.269,33791.9,529342.1
r6n10070,9.683,61.89,ROLLER-SHADE,0.177,r6n10070,7.389,1.1,32133.5,540147.6
r6n10071,45.01,85.03,<value not set>,0.1148,r6n10071,7.439,2.465,36023.2,632870.9
r6n10072,26.61,59.03,ROLLER-SHADE,0.1129,r6n10072,7.611,2.083,34810.8,569006.9
r6n10073,97.09,83.15,<value not set>,0.1219,r6n10073,7.543,2.8,35500.6,645204.7
r6n10074,1.471,49.98,ROLLER-SHADE,0.1831,r6n10074,7.386,1.392,33581.9,544430.1
r6n10075,46.79,92.88,ROLLER-SHADE,0.1242,r6n10075,7.559,2.026,34412.6,611244.6
r6n10076,32.26,31.1,<value not set>,0.1043,r6n10076,7.474,1.358,35400.8,529538.9
r6n10077,42.08,80.31,ROLLER-SHADE,0.1879,r6n10077,7.366,2.074,34681.7,612419.3
r6n10078,48.38,78.9,ROLLER-SHADE,0.1697,r6n10078,7.422,2.013,33662.5,598863
r6n10079,66.03,23.78,ROLLER-SHADE,0.1632,r6n10079,7.481,0.9465,31755,501252.8
r6n10080,24.03,60.84,ROLLER-SHADE,0.1997,r6n10080,7.354,1.789,33736.3,568223
r6n10081,97.13,49.06,<value not set>,0.1369,r6n10081,7.508,2.023,33833.8,585354.9
r6n10082,99.47,34.19,ROLLER-SHADE,0.1654,r6n10082,7.335,0.9675,31657.9,522719.6
r6n10083,40.9,16.86,<value not set>,0.1982,r6n10083,7.318,0.7949,31653.9,482478.1
r6n10084,95.44,5.438,ROLLER-SHADE,0.1716,r6n10084,7.47,0.9525,31925.1,513292.9
r6n10085,18.23,67.81,ROLLER-SHADE,0.1087,r6n10085,7.61,1.587,34465.3,572390.3
r6n10086,16.74,34.83,ROLLER-SHADE,0.1676,r6n10086,7.463,1.207,32951.7,528147.5
r6n10087,81.78,3.713,ROLLER-SHADE,0.1572,r6n10087,7.286,0.6453,33109.1,510325.6
r6n10088,33.72,99.63,ROLLER-SHADE,0.1492,r6n10088,7.522,1.897,33914.5,608218.9
r6n10089,63.59,51.64,<value not set>,0.1654,r6n10089,7.505,2.058,33258.6,587192.9
r6n10090,72.05,24.43,ROLLER-SHADE,0.1316,r6n10090,7.369,1.656,34208.8,540691.9
r6n10091,85.95,42.01,ROLLER-SHADE,0.1902,r6n10091,7.252,1.286,32530,584651.8
r6n10092,46.29,13.07,<value not set>,0.1103,r6n10092,7.319,0.7001,35380.6,453043.2
r6n10093,45.45,21.28,ROLLER-SHADE,0.1861,r6n10093,7.345,0.7885,31654,518679.8
r6n10094,2.571,80.14,ROLLER-SHADE,0.1818,r6n10094,7.457,1.121,31994.5,553070.1
r6n10095,97.59,72.66,SCREEN-SHADE,0.1838,r6n10095,7.453,1.989,33099.9,611075.7
r6n10096,23.27,31.84,<value not set>,0.1962,r6n10096,7.275,0.669,32147.4,514642.9
r6n10097,6.02,20.47,SCREEN-SHADE,0.1713,r6n10097,7.528,0.5387,33448,465311.2
r6n10098,64.78,26.84,ROLLER-SHADE,0.1582,r6n10098,7.278,0.8407,32644.2,517804.2
r6n10099,75.17,61.85,SCREEN-SHADE,0.1725,r6n10099,7.328,1.959,33936.1,611981.6
r6n10100,9.38,53.09,ROLLER-SHADE,0.1583,r6n10100,7.36,1.311,33503.5,528472.9
r6n10101,94.23,65.2,<value not set>,0.1785,r6n10101,7.353,2.403,34914.7,630062.2
r6n10102,50.94,79.89,<value not set>,0.1061,r6n10102,7.471,1.729,34576.4,598833.2
r6n10103,77.25,48.38,SCREEN-SHADE,0.1442,r6n10103,7.354,1.85,34178.4,594500.1
r6n10104,56.08,39.51,SCREEN-SHADE,0.1018,r6n10104,7.482,0.9716,34145,546356.3
r6n10105,52.35,18.8,<value not set>,0.1679,r6n10105,7.43,1.114,32368.2,486056.2
r6n10106,90.13,84.19,<value not set>,0.1162,r6n10106,7.425,2.736,36524.1,659996.9
r6n10107,20.94,17.89,<value not set>,0.1773,r6n10107,7.424,0.8272,32555.6,498968.6
r6n10108,10.02,29.72,SCREEN-SHADE,0.1189,r6n10108,7.596,0.3587,35248.1,468216.7
r6n10109,27.32,81.19,SCREEN-SHADE,0.1691,r6n10109,7.549,1.953,33638.4,606733.1
r6n10110,63.2,67.16,ROLLER-SHADE,0.1809,r6n10110,7.357,2.111,34392.2,615655.6
