Name,Glasanteil_Süd_[%],Glasanteil_WestOst_[%],Glasanteil_Nord_[%],Produktwahl_Verglasung,Produktwahl_Verschattung,Dämmstärke_[m],VolSpez_Wärmekap_[kJ/m3K],Klimaszenario,,Anteil_Unzufrieden_[%],Tageslichtfaktor_[%],Kühlenergie_[kWh/Jahr],Heizenergie_[kWh/Jahr],Energie_Kunstlicht_[kWh/Jahr],Primärenergie_Total_{kWh/Jahr],Betriebskosten_[EUR/Jahr],Investitionskosten_[EUR]
run10003,19.35,47.47,81.07,U=0.7 g=42%,none,0.121,933.3,2060,run10003,7.448,4.984,148891.9,99027.3,13826.6,380701.7,59875.3,1161541.8
run10005,44.4,66.25,22.78,U=1.1 g=34%,none,0.1696,1687.7,2060,run10005,7.536,6.15,133221.8,137542.4,11844.3,414813.1,62777.5,1250531.4
run10007,44.25,87.55,90.63,U=0.3 g=20%,none,0.167,2219,2000,run10007,7.259,5.029,109333.4,81714.4,13997.6,336016.9,53320.4,1115281.3
run10008,19.45,12.7,93.35,U=0.6 g=18%,none,0.1583,1335.4,2060,run10008,7.272,0.5505,52543,88020.5,39246,355197.9,56227.7,853324.4
run10009,41.98,86.66,34.66,U=0.7 g=42%,none,0.1142,1371.9,2000,run10009,7.856,8.66,213235.9,109744.8,9549.4,424607.3,66839.3,1373615.3
run10010,53.06,66.4,55.66,U=0.3 g=20%,none,0.1821,1206.1,2000,run10010,7.168,3.948,87428.8,74518.4,16520.1,318620.4,50806.1,1025967.4
run10011,52.39,37.58,38.11,U=0.6 g=18%,none,0.1065,2077.4,2060 Warm,run10011,7.292,1.332,82647.3,112241.6,25647.6,378495.7,58383.1,996594.4
r2n10001,85.99,98.36,38.96,U=1.1 g=34%,none,0.1692,2431.7,2000,r2n10001,7.824,10.36,157873.2,188157.1,8126.2,484675.6,71069.8,1412122.7
r2n10002,75.07,76.31,38.83,U=0.6 g=18%,none,0.1886,1130.7,2060 Warm,r2n10002,7.306,2.734,114703.2,111233.7,18604.4,383821,59419.3,1210367.9
r2n10003,63.4,1.58,1.165,U=0.6 g=23% ,screen,0.1675,49.51,2000,r2n10003,7.208,0.1649,39657.5,73451.1,43150,336591.2,54109.7,739597.8
r2n10004,46.35,26.2,5.885,U=0.6 g=23% ,none,0.1901,2646.1,2000,r2n10004,7.25,1.286,47254.3,80195.4,24121.1,315139.9,49712.1,883910.2
r2n10006,47.79,68.97,78.05,U=0.3 g=20%,roller,0.1177,27.91,2000,r2n10006,7.259,4.087,87428.3,89492.8,15931.1,335859.5,52646,1033750
r2n10007,91.21,13.71,41.42,U=0.6 g=18%,roller,0.1081,2167.7,2060,r2n10007,7.339,0.7972,55711.2,106970,31388,366115.9,56606.3,910746.2
r2n10008,22.29,1.013,81.03,U=0.7 g=42%,none,0.166,236.4,2060 Warm,r2n10008,7.039,0.5026,72547,70597.6,28889.1,327366.3,52696.7,800303
r2n10009,56.5,16,46.36,U=0.3 g=20%,screen,0.1058,1976.1,2000,r2n10009,7.382,1.196,42062.5,101262.3,27335.4,343559.8,53045.5,833539.5
r2n10010,14.45,83.08,40.86,U=0.7 g=42%,roller,0.1749,100.3,2000,r2n10010,7.632,7.463,193782.1,99975.7,10048.2,401901.4,63589,1281824.4
r2n10011,10.3,92.06,71.58,U=0.6 g=18%,none,0.1689,1462,2000,r2n10011,7.523,2.953,77869,136175.4,18010.2,390930.2,58618.7,1185777.7
r2n10012,81.77,12.34,21.4,U=0.6 g=18%,roller,0.1884,781.8,2060 Warm,r2n10012,7.044,0.5791,72602.9,71061.7,35341,339584.2,54843.6,885065.4
r2n10013,70.78,18.31,16.8,U=0.7 g=42%,none,0.1768,2409.5,2060 Warm,r2n10013,7.009,2.005,114725.3,64441.5,18952,327255.6,53188.3,964431.8
r2n10014,2.155,14.42,92.65,U=0.6 g=18%,roller,0.116,2866.2,2000,r2n10014,7.496,0.4913,39662.6,114763.3,42358,385665.7,59455.9,824568
r2n10015,14.33,71.89,73.93,U=0.3 g=20%,roller,0.1889,1365.9,2060 Warm,r2n10015,7.168,3.743,124781.4,72243.4,16394.6,338228.9,54503,1142749.1
r2n10017,31.95,92.18,3.025,U=0.6 g=23% ,none,0.1214,2555.2,2000,r2n10017,7.499,5.145,98184,125280.3,13794.5,382222.3,57966.1,1180625.7
r2n10018,76.06,59.39,13.93,U=0.6 g=18%,roller,0.1515,1304.2,2000,r2n10018,7.406,2.051,62628.4,115055.4,21516.7,362284.1,55249,1053532.8
r2n10019,18.09,55.62,66.18,U=0.6 g=23% ,roller,0.1296,781.6,2060,r2n10019,7.341,3.234,85191.8,109719.5,17664.3,362462.4,55724.3,1043507.9
r2n10020,97.01,10.64,42,U=0.6 g=23% ,screen,0.1062,1007.5,2060 Warm,r2n10020,7.248,1.242,75293.2,102228,25596.6,361752.6,56219.9,907972.3
r2n10021,7.961,33.27,78.15,U=0.6 g=18%,none,0.1138,637.9,2060 Warm,r2n10021,7.303,1.103,77866.9,110089.7,28291.2,377758.9,58429.9,934891.5
r2n10022,79.62,12.09,43.02,U=0.3 g=20%,roller,0.1298,757.1,2000,r2n10022,7.252,1.162,43310.7,83897.2,27318.7,323056.6,50820.3,820491.3
r2n10023,46.73,30.9,20.75,U=0.6 g=18%,roller,0.1421,183.2,2060,r2n10023,7.25,0.9684,60131.7,95096.4,29275,350451.8,54790.9,910713.1
r2n10024,98.87,88.44,50.99,U=0.6 g=18%,screen,0.1448,419.2,2060 Warm,r2n10024,7.394,3.474,127396.1,126545.9,16850.8,406998.5,62293.2,1312187.5
r2n10025,1.287,31.47,99.32,U=0.3 g=20%,roller,0.1836,1793.1,2000,r2n10025,7.239,1.71,50669.3,75275.3,23353.5,309793.8,49164.4,864516.1
r2n10026,2.619,56.18,81.6,U=0.3 g=20%,screen,0.1068,1440.1,2060,r2n10026,7.264,2.925,80432.8,93631.6,19209.9,342724.6,53530.1,1005728.2
r2n10027,7.585,66.23,85.24,U=0.7 g=42%,screen,0.1981,2205.1,2060,r2n10027,7.341,5.97,130006.5,96666.2,11881.4,362989.9,56903.2,1139117
r2n10028,28.34,20.12,69.16,U=0.7 g=42%,screen,0.1252,1536.6,2000,r2n10028,7.393,2.221,54274.4,105225.2,18840.3,340445.1,52159,864772.1
r2n10029,32.76,59.26,34.94,U=0.6 g=23% ,screen,0.1259,2834.5,2060,r2n10029,7.35,3.496,81634,111191.6,17503.3,361838.4,55490.2,1056819.4
r2n10030,19.47,67.03,42.42,U=0.7 g=42%,roller,0.1681,1993.1,2060 Warm,r2n10030,7.612,6.111,210555.8,90538.8,11926.9,404018.7,64751.8,1298542.5
r2n10031,28.14,69.08,93.59,U=0.7 g=42%,none,0.1166,543.3,2000,r2n10031,7.683,7.181,179403,110810.5,10213,406812.7,63567.4,1255006.7
r2n10033,17.66,63.75,8.175,U=0.6 g=23% ,roller,0.1474,136.9,2000,r2n10033,7.368,3.123,71208.9,108102.6,17389,351506.6,53898.7,1019954.7
r2n10034,43.31,13.68,44.22,U=0.6 g=18%,screen,0.1984,1301.4,2060 Warm,r2n10034,7.064,0.6089,70981.6,70447.6,39387,345145.2,55889.4,876883.2
r2n10035,17.41,37.11,25.96,U=0.6 g=18%,roller,0.1907,2164.6,2060 Warm,r2n10035,7.149,1.03,78418,83164.2,28700.6,345916.5,54970.8,960006.3
r2n10036,88.12,37.03,25.34,U=0.3 g=20%,roller,0.1256,1475.1,2060,r2n10036,7.105,2.376,76592.6,78335,21168.7,325244.9,51674,976312.2
r2n10037,93.09,32.13,61.83,U=0.6 g=18%,none,0.1207,386.1,2000,r2n10037,7.397,1.719,51264.7,118374.6,23827.7,363686.9,55224.2,971518.2
r2n10038,80.24,72.79,1.602,U=0.3 g=20%,screen,0.1525,1499.7,2060 Warm,r2n10038,7.169,4.244,125916.9,73969.8,16223.2,340714.2,54804.1,1175104.2
r2n10039,24.45,68.64,53.2,U=0.6 g=18%,screen,0.1408,421.5,2000,r2n10039,7.461,2.242,63969.6,126665.7,20931.3,376229.3,56778.9,1083553
r2n10040,29.37,83.67,72.17,U=0.7 g=42%,roller,0.1046,2134.7,2060 Warm,r2n10040,7.991,8.65,256784.6,111466.6,10306.2,454412.2,72027.8,1456571.6
r2n10041,61.27,48.11,81.2,U=0.6 g=23% ,none,0.1676,1251.3,2060,r2n10041,7.263,3.384,89931.7,97993.5,17242.4,350213.6,54507.3,1053390.2
r2n10042,78.11,12.66,13.29,U=0.3 g=20%,none,0.1227,513.3,2000,r2n10042,7.269,0.9131,42151.2,86739.9,28274,327550.6,51388.2,810138.5
r2n10043,63.74,42.1,84.47,U=0.6 g=18%,screen,0.1893,1270.4,2060,r2n10043,7.278,1.69,72184.9,99672.8,23448.1,352791.5,54829.1,1010697.1
r2n10044,89.09,19.38,57.58,U=0.7 g=42%,roller,0.1105,1024.7,2060 Warm,r2n10044,7.177,3.118,126855.5,89895.7,16354.2,360976.5,57105.7,1025650.1
r2n10045,83.18,24.77,29.65,U=0.3 g=20%,roller,0.158,2287.8,2060,r2n10045,7.036,1.677,66345.6,68288,24042.3,311995,50138.6,922678.8
r2n10046,13.02,98.58,80.01,U=0.3 g=20%,screen,0.1956,1114.2,2060 Warm,r2n10046,7.299,5.004,148550.8,77272.4,14022.5,354372.5,56973,1285632.6
r2n10048,81.76,62.38,26.62,U=0.7 g=42%,roller,0.1035,196.3,2060,r2n10048,7.55,6.908,195397.3,101282.9,11939.9,407965.4,64565.3,1300960.3
r2n10049,82.6,38.24,81.31,U=0.6 g=23% ,screen,0.1162,574.2,2000,r2n10049,7.406,3.169,60899.8,119476.5,17487.4,359395.1,54365,1007013.2
r2n10050,20.16,60.54,13.15,U=0.6 g=18%,screen,0.1452,2349.2,2060,r2n10050,7.348,1.77,73866.4,108447,23761.6,365084.9,56299.2,1039042.4
r2n10051,71.14,7.561,20.55,U=0.6 g=18%,screen,0.1602,1902.3,2060 Warm,r2n10051,7.096,0.398,70573.6,74716.5,42768,356203.8,57512.9,866961.7
r2n10052,29.32,70.9,90.2,U=0.6 g=23% ,screen,0.1831,1574.3,2060,r2n10052,7.357,4.309,97176.8,109404.2,15256.5,364938.4,56193.3,1136725.2
r2n10053,9.801,66.95,43.77,U=0.3 g=20%,roller,0.1993,2032.3,2060 Warm,r2n10053,7.118,3.232,115275.1,68813.7,17617.8,330539.2,53412.4,1088473.1
r2n10054,32.75,11.21,51.01,U=0.3 g=20%,none,0.1043,1768,2060 Warm,r2n10054,7.25,0.794,69039.8,92337.3,32629,358572.6,56472.7,847407.9
r2n10055,56.33,10.85,98.42,U=0.6 g=18%,screen,0.1847,2264.4,2060,r2n10055,7.225,0.676,54362.6,83313.2,33449,340107.5,53919.3,881323.8
r2n10056,35.61,43.01,77.34,U=0.3 g=20%,screen,0.1988,1162.5,2060 Warm,r2n10056,7.042,2.459,95451.5,66659.3,19621.9,319623.8,51638.6,995695.3
r2n10057,79.61,21.61,51.68,U=0.6 g=23% ,none,0.14,1053.4,2060 Warm,r2n10057,7.129,1.868,83784.1,88346.8,21566.3,342626.4,53951.7,949194.9
r2n10058,87.98,93.48,46.2,U=0.6 g=18%,screen,0.1164,978.6,2060,r2n10058,7.463,3.504,106221.6,136233.4,17367.6,406950.8,61479.7,1284094.7
r2n10059,0.1509,97.07,64.99,U=0.7 g=42%,none,0.1014,2561.7,2060,r2n10059,8.153,9.275,250202.6,116983,10158.2,456821.9,72000.6,1507016.6
r2n10060,28.54,89.34,8.179,U=0.6 g=23% ,roller,0.1675,2280.6,2060,r2n10060,7.391,4.743,116187.3,108509.4,14881.8,374572.6,57991.2,1230095.3
r2n10061,75.99,11.16,70.42,U=0.7 g=42%,none,0.1079,375.4,2000,r2n10061,7.237,2.174,70353.5,97093.4,18614.2,339738.7,52708.5,880532.5
r2n10063,7.27,9.134,94.26,U=0.6 g=23% ,none,0.141,751,2000,r2n10063,7.435,0.6594,39176.9,99198.6,31061,346012.1,53655.6,793552.2
r2n10065,99.42,1.929,69.53,U=0.6 g=23% ,none,0.1253,2629.7,2060,r2n10065,7.226,0.7649,54776.9,91467,27218,339101.3,53061.7,876618.8
r2n10066,6.132,30.12,84.6,U=0.3 g=20%,roller,0.1223,1624.2,2060,r2n10066,7.25,1.608,62426.2,87782.9,24722.1,334695.6,52579.7,893133.9
r2n10067,25.69,47.15,45.43,U=1.1 g=34%,none,0.1132,2098,2000,r2n10067,7.57,4.548,80786.5,151224.4,13150.3,402327.8,59407.3,1067300.6
r2n10069,67.77,8.252,93.37,U=0.6 g=23% ,none,0.1475,2126.1,2060,r2n10069,7.226,1.156,56516.2,88221.1,25528.9,333133.5,52264.1,879153
r2n10071,41.9,32.5,53.57,U=0.6 g=18%,screen,0.1898,2229.2,2000,r2n10071,7.352,1.114,47103.6,95631.3,26622.3,338418.3,52593.6,908646.4
r2n10072,59.45,53.08,30.7,U=0.6 g=18%,none,0.1006,1418.2,2060,r2n10072,7.394,1.828,73469.7,124183.3,23123.4,382941.3,58185.9,1052227.3
r2n10073,98.38,96.23,36.54,U=0.7 g=42%,none,0.1844,2294.8,2060 Warm,r2n10073,8.553,10.41,330105.5,99417,9403.9,482045.4,77972.5,1656398.9
r2n10074,24.05,7.909,29.06,U=0.6 g=18%,screen,0.1444,1178.6,2000,r2n10074,7.355,0.3034,40055.7,89076.4,51016,370081.9,58802.6,777585.6
r2n10075,19.67,83.35,40.24,U=1.1 g=34%,none,0.1178,2917.7,2000,r2n10075,7.735,8.079,123432,178605,9599.1,454991,66553.1,1326910.8
r2n10078,61.01,95.02,80.78,U=0.6 g=18%,none,0.1034,571.3,2060 Warm,r2n10078,7.451,3.5,127090.7,139492.5,16592.9,422175.3,63932.6,1325944.1
r2n10079,26.31,83.95,87.35,U=0.6 g=18%,none,0.1129,44.81,2000,r2n10079,7.523,2.901,74491.1,146071.6,18306.8,401533.9,59693.5,1170588.3
r2n10080,77.12,61.38,20.9,U=0.7 g=42%,none,0.1692,85.12,2060,r2n10080,7.562,6.251,205447.6,84132.9,12222.5,393529.2,63407.7,1315375.8
r3n10001,27.65,81.55,2.19,U=0.3 g=20%,screen,0.1455,870.8,2000,r3n10001,7.239,4.051,87265.3,82444.2,16418.2,328029,51830.7,1048173.1
r3n10002,48.15,76.18,78.81,U=0.6 g=23% ,none,0.1856,1123.4,2060,r3n10002,7.376,4.779,115578.1,107806.6,14654.7,372938.6,57757.3,1218577.3
r3n10003,94.04,33.76,71.04,U=0.6 g=23% ,roller,0.1575,189.5,2060 Warm,r3n10003,7.138,2.877,99635.8,91333.8,17875.2,349144.2,54869.5,1014532.8
r3n10004,25.09,34.88,22.56,U=0.3 g=20%,none,0.1299,2874.8,2060,r3n10004,7.189,1.622,64498.4,81143.3,24688.6,327762.3,51891,920653.2
r3n10005,59.14,24.25,40.91,U=1.1 g=34%,none,0.1278,2297.6,2060,r3n10005,7.331,2.724,79337.2,115864,17085,365418.7,55742.5,975136.3
r3n10006,28.51,70.92,52.09,U=0.6 g=18%,screen,0.1972,0.08349,2000,r3n10006,7.409,2.267,67519.3,116562.5,20542.4,365313.2,55665.7,1076232.9
r3n10007,34.29,69.4,90.31,U=0.6 g=23% ,roller,0.1703,666.5,2060,r3n10007,7.355,4.649,104540.2,108494.2,15319.8,368352.3,56879.7,1153205.7
r3n10008,5.053,89.85,99.3,U=0.6 g=23% ,none,0.1592,659.4,2060,r3n10008,7.473,5.197,121601.6,119730.9,13910.6,389780,59779.6,1260644.4
r3n10009,54.04,0.5615,20.81,U=0.7 g=42%,roller,0.1721,106.4,2060 Warm,r3n10009,6.857,0.3827,74652.7,58738.4,39143,332591.5,54616.6,794890.2
r3n10010,88.02,97.28,92.4,U=0.7 g=42%,roller,0.1777,2160.9,2000,r3n10010,8.089,10.91,267786.2,111156.6,8076,456408.6,72411,1498306.5
r3n10011,76.99,56.53,75.36,U=0.6 g=23% ,none,0.1362,875.1,2060,r3n10011,7.313,4.132,99542.3,107372.5,16038,365276.9,56422.7,1124976.4
r3n10012,26.19,16.39,24.23,U=1.1 g=34%,none,0.124,1243.2,2000,r3n10012,7.443,1.485,45511.2,116532.3,22159.7,354979.4,53819.5,863595.2
r3n10013,24.43,62.43,15.43,U=0.6 g=23% ,screen,0.1347,2709.2,2060,r3n10013,7.333,3.208,81548.1,107459.4,17741,357654.1,55052,1056893.2
r3n10014,50.45,13.93,78.33,U=0.6 g=23% ,screen,0.1025,2693,2000,r3n10014,7.492,1.28,41758.7,122438.1,24896.2,364872.7,55098.7,862682.4
r3n10015,42.57,35.84,41.64,U=0.6 g=18%,none,0.102,2046.3,2060 Warm,r3n10015,7.313,1.246,80714.4,114412.1,26480.1,381492,58738.6,981974.1
r3n10016,97.93,82.68,47.88,U=0.6 g=23% ,none,0.1231,534.3,2060,r3n10016,7.417,5.699,127526.9,117133.7,13789.5,389952.2,60025.9,1295123.1
r3n10017,14.35,83.46,56.22,U=0.3 g=20%,none,0.1134,2098.4,2060 Warm,r3n10017,7.276,4.384,133434.1,86420.4,15570.1,359269,57088.8,1197471.3
r3n10018,32.49,91.82,16.36,U=0.6 g=18%,none,0.1221,1096.5,2060 Warm,r3n10018,7.386,3.014,117122.8,126342.5,18288.9,403177,61626.5,1251025.9
r3n10019,56.78,70.46,57.92,U=0.6 g=18%,none,0.1992,2253.3,2060,r3n10019,7.348,2.47,88859.7,110818.2,20147.4,370474.5,57066.4,1138221.1
r3n10020,22.03,50.84,96.51,U=0.7 g=42%,roller,0.1911,238.2,2060,r3n10020,7.374,5.185,162147.8,87274.4,13069.3,372927.4,59461.2,1173334.8
r3n10021,36.27,48.41,71.43,U=0.6 g=18%,roller,0.1515,2867.4,2060,r3n10021,7.343,1.726,71194.9,108268.3,23740.4,363229.8,55982.3,1018649.3
r3n10024,74.17,7.835,14.84,U=0.3 g=20%,none,0.1984,1939.7,2060 Warm,r3n10024,6.889,0.6136,69728.7,54151.5,33012,312999.7,51492.9,852059.2
r3n10025,65.18,56.82,28.3,U=0.6 g=18%,screen,0.1191,2400.6,2060 Warm,r3n10025,7.286,2.061,96164.1,114107,21568.6,381544.5,58773.5,1095622.9
r3n10026,60.01,7.64,63.97,U=0.7 g=42%,screen,0.1417,28.54,2060,r3n10026,7.199,1.574,64169.1,86773.1,22766.1,330990.6,52001,832905
r3n10027,63.05,60.23,21.2,U=0.6 g=23% ,none,0.1577,2767.1,2060 Warm,r3n10027,7.25,3.527,116703.1,96895.7,16291.4,363335.6,56946,1134892.8
r3n10028,21.18,87.38,84.08,U=0.6 g=18%,roller,0.165,493.3,2060,r3n10028,7.437,2.956,96575.5,127265.1,18559.2,392345,59612.3,1197486.5
r3n10029,83.97,77.77,0.874,U=0.3 g=20%,roller,0.1096,1530.1,2060 Warm,r3n10029,7.224,4.385,134601.9,82429.3,15710.1,355344.8,56718.4,1212824.4
r3n10030,19.62,66.07,23.39,U=0.6 g=23% ,none,0.1108,60.54,2060,r3n10030,7.352,3.439,93193.5,114826.3,17197.4,372666.4,57125.3,1081244.8
r3n10031,71.03,52.31,14.43,U=0.6 g=23% ,none,0.1851,847.5,2060,r3n10031,7.194,3.246,91197.5,88843.3,17908.4,340988.6,53617.3,1063650.9
r3n10032,47.59,24.4,32.64,U=0.7 g=42%,none,0.1901,2334.2,2000,r3n10032,7.107,2.396,84461.6,71112.2,18010.5,315358.5,50505.8,920966.3
r3n10033,74.05,40.85,4.811,U=0.6 g=18%,roller,0.1428,1756.1,2000,r3n10033,7.383,1.369,51242.1,107151.8,24617.6,351374.9,53954.2,955714.7
r3n10034,31.69,10.36,62.32,U=0.6 g=18%,roller,0.1611,1027.2,2060 Warm,r3n10034,7.136,0.4807,71055.6,78718.6,45580,366448.1,59013,855095
r3n10035,52.89,28.45,70.73,U=0.6 g=18%,none,0.1749,2943.2,2000,r3n10035,7.37,1.142,46553.9,99582.9,26444.5,342596.8,53012.8,906420.8
r3n10036,89.18,10.08,12.56,U=0.6 g=23% ,roller,0.1091,599.7,2000,r3n10036,7.371,0.9202,42283.1,106310.6,28329,351654.4,54074.1,845335.5
r3n10037,24.98,39.62,10.08,U=0.3 g=20%,roller,0.1912,1587.1,2000,r3n10037,7.161,1.679,53915.8,68411,23304.4,303262.3,48566.2,897837.7
r3n10038,98.12,41.8,56.38,U=0.6 g=18%,none,0.1628,668,2060 Warm,r3n10038,7.189,1.836,93397.9,98987.5,22083.2,362335.8,56593.3,1045728.7
r3n10039,89.73,88.63,55.87,U=0.7 g=42%,roller,0.1386,2680.9,2060 Warm,r3n10039,8.201,10.16,300600.5,103629.3,9651.1,469943.5,75457.4,1561279.4
r3n10041,9.227,67.43,92.21,U=0.6 g=23% ,none,0.1791,1649.1,2060,r3n10041,7.36,3.861,100404.2,106085.5,15940.5,364045.8,56309.5,1127895
r3n10042,76.35,94.93,43.32,U=0.3 g=20%,none,0.1041,1485.1,2060,r3n10042,7.276,5.676,136854.4,85568.4,14463.1,358167.8,56962.7,1296698.8
r3n10043,41.78,19.72,47.71,U=0.6 g=18%,roller,0.1631,389.9,2060 Warm,r3n10043,7.139,0.7313,72866.8,82629.8,32964,349608.5,55675.6,884193.9
r3n10044,26.63,84.1,97.97,U=0.6 g=23% ,screen,0.1335,1805.7,2060,r3n10044,7.439,5.518,106994.4,123923,14075.3,386442.1,58834,1207346.7
r3n10046,14.33,88.71,94.42,U=0.7 g=42%,screen,0.1689,554.3,2060,r3n10046,7.506,8.564,163080.4,110741.6,10173,396963,61811.2,1267241.3
r3n10047,8.579,9.464,52.72,U=0.7 g=42%,none,0.1554,1146.9,2000,r3n10047,7.294,0.8919,45684.7,83582.1,26481.5,322586.8,50762.8,787416.3
r3n10048,34.44,25.9,34.95,U=0.7 g=42%,screen,0.1003,2009.8,2060,r3n10048,7.345,2.63,69758.2,110212,19021.3,356255.1,54573,927738.2
r3n10049,99.31,55.4,80.37,U=0.3 g=20%,screen,0.1846,2533,2000,r3n10049,7.138,3.932,84893.9,73903.7,16216.6,315801.6,50353,1028333.2
r3n10050,45.72,77.1,92.03,U=1.1 g=34%,none,0.1737,460.9,2060,r3n10050,7.693,8.093,153820.5,163857.4,10198.5,456366.3,68024.6,1358016.7
r3n10051,74.77,39.45,83.09,U=0.6 g=18%,none,0.1388,2087.2,2060 Warm,r3n10051,7.244,1.775,89459.7,106181.4,22795.2,370048.4,57375.2,1034304
r3n10053,59.42,98.19,45.92,U=0.7 g=42%,roller,0.1444,326.1,2060,r3n10053,8.12,10.3,276644.2,106507.8,9730.6,459121.4,73282.3,1549030.1
r3n10054,93.15,83.9,16.72,U=0.6 g=18%,screen,0.184,353.6,2060,r3n10054,7.362,2.94,101193.3,116663.3,18591.4,382218.5,58681.4,1226910.2
r3n10055,28.7,85.27,44.14,U=0.6 g=18%,screen,0.1396,2120.5,2060 Warm,r3n10055,7.368,2.861,113780.6,122586.6,18575.7,397093.5,60850.4,1216620.2
r3n10056,5.475,43.07,57.22,U=0.6 g=23% ,none,0.1298,722.7,2060,r3n10056,7.326,2.339,72768.6,104732.2,20613.5,354222.5,54664.7,957921.8
r3n10057,72.61,86.72,28.86,U=0.6 g=18%,screen,0.1224,2854.1,2060,r3n10057,7.433,3.083,98598.1,129498.8,18545.1,396269,60128.7,1216168.4
r3n10058,80.73,34.39,63.64,U=0.3 g=20%,screen,0.1052,787.4,2060,r3n10058,7.21,2.575,73366.1,90634,20839.3,337756.2,52890.2,964875.8
r3n10059,63.28,58.08,48.02,U=0.7 g=42%,roller,0.1828,663,2000,r3n10059,7.375,6.119,163205.3,88166.2,11342.6,371445,59122.1,1154895.3
r3n10060,19.36,72.15,71.63,U=1.1 g=34%,none,0.1869,1254.4,2060 Warm,r3n10060,7.627,6.781,163982.7,148028,10809,444327.4,67186.2,1330285.4
r3n10061,54.72,34.88,22.48,U=0.3 g=20%,roller,0.1809,2953.6,2000,r3n10061,7.147,1.877,54978,69190.4,22529.5,303462.6,48537.3,910773.8
r3n10062,51,38.15,61.49,U=0.6 g=18%,screen,0.1507,2094,2060 Warm,r3n10062,7.219,1.481,84605.8,99041.4,24859.4,362127.8,56551.6,1001558.2
r3n10063,69.73,49.63,65.14,U=1.1 g=34%,none,0.1698,668.6,2060,r3n10063,7.451,5.816,121954.9,132657.8,12309.7,402921,61056,1185303.5
r3n10064,21.2,50.57,32.34,U=0.6 g=18%,none,0.1876,1955.2,2000,r3n10064,7.389,1.494,53282.8,103112.8,24273.9,347043,53514.8,965329
r3n10065,20.15,72.81,77.06,U=0.6 g=23% ,roller,0.1177,1793.3,2000,r3n10065,7.489,4.358,82613.1,128147.3,14660.2,377932.1,56960.5,1108013.2
r3n10066,48.83,75.25,24.48,U=0.7 g=42%,none,0.1165,2834.3,2060 Warm,r3n10066,7.916,7.24,244204.4,100149.7,11128.9,434512.9,69408.5,1423336.9
r3n10068,93.51,47.35,1.207,U=0.6 g=23% ,screen,0.1068,1003.7,2060 Warm,r3n10068,7.252,3.138,98356.1,109046.2,17580.7,369498.9,57039.1,1065918.7
r3n10073,6.483,3.093,87.99,U=0.3 g=20%,none,0.1137,1977.5,2060,r3n10073,7.32,0.288,51087.6,91976.7,49355,377350.4,59861.8,801800.4
r4n10001,80.76,80.66,17.42,U=1.1 g=34%,none,0.1625,33.76,2060,r4n10001,7.664,8.081,162432.6,154407.5,10375.1,450299.6,67724.5,1378407.9
r4n10002,45.91,3.201,79.98,U=0.7 g=42%,screen,0.1796,2314.4,2000,r4n10002,7.291,0.9254,45883.7,81497.5,25043.7,317575.6,50039.3,804500.8
r4n10003,75.74,14.89,90.15,U=0.6 g=18%,screen,0.1658,2469.6,2060,r4n10003,7.247,0.9815,57281.2,90256,29578,343371.3,53926.2,912608.4
r4n10004,92.25,20.05,50.3,U=0.7 g=42%,screen,0.129,706.6,2060 Warm,r4n10004,7.199,3.191,103132.1,92517.7,16344,349943.7,54913.9,980858.3
r4n10005,63.76,92.7,49.42,U=0.6 g=23% ,none,0.1821,2991.9,2060 Warm,r4n10005,7.475,5.912,155398.1,111580.5,12975.4,398526.5,62021,1347453.5
r4n10006,19.53,11.02,53.2,U=0.7 g=42%,none,0.1882,800.8,2000,r4n10006,7.185,1.184,51817.7,72389,23967.1,308055.2,49093.2,807440.2
r4n10007,60.82,85.55,40.03,U=1.1 g=34%,none,0.1605,841.6,2060,r4n10007,7.73,8.731,163850.2,163095.5,10071.8,461223.1,68956.6,1412224.7
r4n10008,5.275,27.62,90.1,U=0.3 g=20%,none,0.1339,1044.1,2000,r4n10008,7.325,1.443,47071.9,89397,24520.2,326995.2,51068.2,837444.7
r4n10009,70.95,90.25,65.43,U=0.7 g=42%,roller,0.1658,2429.8,2060,r4n10009,8.039,9.791,270029.6,102799.8,9835.9,450807.2,72103.1,1513101.6
r4n10010,70.32,84.91,25.22,U=0.6 g=18%,screen,0.1069,2144,2060 Warm,r4n10010,7.386,2.971,117259.7,129429.5,18087.8,406668.8,61994.7,1252478.6
r4n10012,5.019,15.68,27.3,U=0.6 g=23% ,none,0.122,452.3,2060,r4n10012,7.316,0.735,51310.9,94895.1,35011,355235.6,55663.2,823488.9
r4n10013,75.71,98.63,24.85,U=0.7 g=42%,screen,0.1647,408.9,2000,r4n10013,7.53,10.14,158481.3,115023.9,8665.5,396627.9,61395.5,1349596.5
r4n10015,35.81,2.999,84.51,U=0.6 g=18%,screen,0.1092,2320.5,2060 Warm,r4n10015,7.302,0.3208,69826.8,100617.8,49373,399299,63070.2,847459.9
r4n10016,61.55,71.01,33.77,U=1.1 g=34%,none,0.1651,565.6,2060,r4n10016,7.586,7.123,145007.4,146622.6,11046.3,431540.9,65015.6,1310003.1
r4n10017,24.27,36.82,88.46,U=0.6 g=23% ,none,0.1243,2826.9,2060,r4n10017,7.339,2.398,71966,107479.7,20097.6,356168.7,54784.5,970400.7
r4n10018,5.745,55.97,41,U=1.1 g=34%,none,0.1402,786.9,2060,r4n10018,7.492,4.655,109538.6,137194.5,13457.6,403071.7,60706,1135395.2
r4n10019,3.793,3.749,6.906,U=0.6 g=23% ,roller,0.1036,1745,2060 Warm,r4n10019,7.366,0.1268,64662.8,99069.7,51219,397628,62900,803047.5
r4n10023,60.46,26.42,75.35,U=0.7 g=42%,none,0.1884,2954.4,2060,r4n10023,7.135,3.284,123385.1,73518.6,16034.6,338186.7,54389.4,1025303.3
r4n10025,11.81,54.88,57.53,U=0.6 g=23% ,none,0.1063,1328.7,2060,r4n10025,7.386,3.056,83136.6,117672,18165.1,371850.3,56742.9,1040538.9
r4n10026,1.492,4.937,70.39,U=0.7 g=42%,roller,0.1634,243.8,2000,r4n10026,7.275,0.4438,42063.9,80712.2,33546,329627.8,52260.8,756599
r4n10027,93.55,73.98,20.83,U=0.3 g=20%,screen,0.1242,1427.1,2060 Warm,r4n10027,7.216,4.357,130816.5,80172.1,15538.3,350001,55950,1204696.1
r4n10028,47.32,68.39,20.49,U=1.1 g=34%,none,0.1159,216.1,2060 Warm,r4n10028,7.568,6.302,158099.7,149806.2,11342.7,443932.8,66967.9,1300657
r4n10029,97.05,41.06,56.16,U=0.6 g=23% ,roller,0.1776,2242,2060 Warm,r4n10029,7.168,3.197,105833.7,89702.3,17066.2,349419.6,55054.1,1066235.8
r4n10030,78.89,97.84,90.24,U=0.6 g=23% ,none,0.1204,2955.3,2000,r4n10030,7.551,6.685,118128.7,135643.3,11549.2,402807.9,60787.7,1310577.9
r4n10032,29.88,25.17,88.24,U=0.6 g=18%,roller,0.1939,638.5,2060,r4n10032,7.242,1.136,58594.7,87310.2,29455.6,340343,53629.2,908886.4
r4n10033,88.44,80.99,48.5,U=0.3 g=20%,screen,0.1263,1689.3,2000,r4n10033,7.249,5.027,101512.2,85674.9,14433.5,336950.4,53158.3,1109771.4
r4n10034,24.84,80.65,39.58,U=0.6 g=18%,screen,0.1088,559.9,2000,r4n10034,7.514,2.817,69336.4,140983.8,19659.6,394662.4,58887,1144135
r4n10035,80.14,99.83,21.75,U=1.1 g=34%,screen,0.1036,1887.5,2060 Warm,r4n10035,7.59,10.49,133585.1,197257.2,9192.1,483358,70078.1,1387308.1
r4n10036,44.86,10.4,63.73,U=0.6 g=23% ,roller,0.1796,2020.3,2060,r4n10036,7.179,0.9307,53999.6,76417.9,29937,325132.4,51813.5,859925.1
r4n10037,24.14,71.86,68.01,U=0.7 g=42%,none,0.1401,1696.3,2000,r4n10037,7.664,7.189,181562.3,103389,10384.2,399340.6,62847.3,1248786
r4n10038,79.62,90.13,83.39,U=1.1 g=34%,none,0.133,2885,2060 Warm,r4n10038,7.895,10.4,203435.4,180495.1,9149.1,504691.9,75287,1524356.6
r4n10039,28.87,91.88,98.24,U=0.3 g=20%,roller,0.1589,814,2000,r4n10039,7.287,5.111,110360.4,84430.9,13784.3,339571,53730.3,1134514.9
r4n10040,24.49,45.91,47.07,U=0.6 g=18%,none,0.1918,236.6,2000,r4n10040,7.351,1.418,52440.3,101253.8,24647,344939.1,53292.9,959144
r4n10041,46.43,81.34,23.26,U=0.6 g=23% ,roller,0.1131,2221.7,2000,r4n10041,7.478,4.73,90215.9,126434.4,14239.5,379648.1,57409.7,1148843.6
r4n10042,69.87,72.7,26.76,U=0.7 g=42%,screen,0.1906,2668.6,2060,r4n10042,7.365,7.238,145295.5,96621.6,11278.1,371024.9,58344.3,1208484.6
r4n10043,1.538,88.69,60.97,U=0.6 g=23% ,none,0.1796,2390.8,2060,r4n10043,7.435,4.848,117576.2,112127.9,14605,379333,58542.1,1233891.9
r4n10044,63.83,8.792,28.29,U=0.3 g=20%,roller,0.1991,1009.6,2060,r4n10044,6.956,0.7286,53865.3,56407.2,34168,308208.3,50448.2,841215
r4n10045,96.36,10.4,13.65,U=0.6 g=18%,screen,0.1551,293.1,2060 Warm,r4n10045,7.081,0.5197,73157,78316.8,35120,348391,55816.4,872885.8
r4n10046,53.29,88.34,86.95,U=0.6 g=23% ,roller,0.1698,2390.5,2000,r4n10046,7.49,5.619,105002.3,124380.3,12586.9,383034.8,58186.3,1203908.6
r4n10047,0.587,76.96,55.12,U=0.7 g=42%,none,0.1717,1514.5,2060 Warm,r4n10047,7.881,6.872,235677.3,95323.3,11251,423715.2,67877.8,1409430.3
r4n10048,91.12,44.38,10.57,U=0.6 g=18%,screen,0.1131,2157.8,2000,r4n10048,7.435,1.664,54018.6,121612,23176,368119.6,55748.1,1001774.8
r4n10049,96.45,56.11,35.42,U=0.3 g=20%,roller,0.193,1241.8,2060,r4n10049,7.02,3.489,102144.5,65799.5,17646.6,318909.8,51582.5,1090349.3
r4n10050,33.53,19.66,40.73,U=0.6 g=18%,none,0.1162,2540.7,2060 Warm,r4n10050,7.281,0.7139,71556.6,99690,34927,373205.1,58479.4,896131.9
r4n10051,52.54,86.59,18.85,U=0.6 g=18%,roller,0.183,2210.4,2000,r4n10051,7.467,2.725,77499.8,124709.2,18707.6,377951.5,57249.7,1163489.7
r4n10052,59.2,56.66,70.44,U=0.6 g=18%,roller,0.1047,902.7,2060 Warm,r4n10052,7.325,2.197,97846.2,123253.3,20772.3,392300.8,59937.6,1100390.7
r4n10053,28.93,38.26,59.14,U=0.3 g=20%,roller,0.189,1094.5,2060,r4n10053,7.061,2.091,72973.6,66739.3,22295,310936.8,50077.8,940090.1
r4n10054,59.17,89.61,51.93,U=0.6 g=23% ,none,0.1377,1672.8,2060 Warm,r4n10054,7.463,5.792,149962.4,116094.4,13225.5,401236.8,62131,1329098.6
r4n10055,38.6,67.25,65.98,U=0.3 g=20%,roller,0.1296,1288.5,2060,r4n10055,7.183,3.788,101510,81817.7,17176.8,337269.6,53535.8,1102791.8
r4n10056,80.1,87.86,81,U=0.6 g=18%,screen,0.1932,171.4,2060 Warm,r4n10056,7.387,3.434,126592.1,123835.2,16847.6,403198.7,61838.7,1298810
r4n10057,60.14,15.66,65.99,U=0.3 g=20%,roller,0.1405,1274.9,2060,r4n10057,7.139,1.268,58378.9,75695.9,27086.1,321746.8,51267.6,875463.8
r4n10058,97.29,7.329,57.57,U=0.6 g=18%,roller,0.1165,2202.6,2060,r4n10058,7.313,0.6282,54739.5,101354.7,33679,362795.4,56478.9,891313.7
r4n10059,38.13,40.19,33.53,U=0.7 g=42%,screen,0.1538,1453.1,2060,r4n10059,7.231,3.745,91120.3,90194.3,15636.4,338512.9,53062.2,1004439.2
r4n10060,54.88,54.2,45.33,U=0.3 g=20%,none,0.1492,2736.3,2060,r4n10060,7.104,3.104,90777.2,74563.1,18848.8,324969.7,51938.2,1030922.6
r4n10061,72.79,44.48,94.25,U=0.6 g=18%,none,0.1172,2663.3,2060,r4n10061,7.375,1.97,73462.8,120113.1,22529.5,376885.1,57440.9,1039723.4
r4n10062,81.13,9.399,31.11,U=0.6 g=23% ,roller,0.127,28.22,2000,r4n10062,7.296,0.9845,42800.8,96611.9,28119,339732.9,52747.2,819005.8
r4n10063,65.19,52.56,30.16,U=0.6 g=18%,screen,0.1204,2863.9,2000,r4n10063,7.457,1.859,56709.3,123932.3,22464.2,371287.6,56122.1,1023726.3
r4n10065,72.35,24.26,7.517,U=0.6 g=23% ,none,0.1647,2040.9,2060,r4n10065,7.131,1.476,64056.1,79675,23845.5,324176.8,51371.7,929253.5
r4n10066,1.352,11.14,58.94,U=0.6 g=23% ,roller,0.1447,2158.4,2000,r4n10066,7.408,0.5517,38711.7,93374.7,37269,349788.8,54815.3,786328.1
r4n10067,25.57,71.5,58.4,U=0.3 g=20%,roller,0.1993,1062,2060,r4n10067,7.119,3.742,106053.7,70717.2,17109.7,326302.7,52496.3,1115480.9
r4n10069,27.23,15.86,65.08,U=0.3 g=20%,none,0.1096,959.8,2060,r4n10069,7.287,1.04,54180.4,92802.2,29456,344405,53899.5,851071.9
r4n10070,53.11,88.98,34.86,U=1.1 g=34%,none,0.1796,2789.8,2000,r4n10070,7.739,8.765,140470.5,172527,8960.9,456635.3,67352.4,1318320.9
r4n10071,61.62,70.6,72.35,U=0.7 g=42%,none,0.1825,1219.3,2060,r4n10071,7.789,7.675,229233.7,92417.5,10975.1,415682.7,66682.5,1408930.3
r4n10072,17.56,99.57,86.4,U=1.1 g=34%,roller,0.1305,2308.7,2000,r4n10072,7.774,9.638,128112.8,204940.3,8290.3,487631.3,70204.2,1385676.9
r4n10073,69.75,33.57,62.25,U=0.7 g=42%,screen,0.1608,709.9,2000,r4n10073,7.309,4.156,80963.6,95488.7,14104.5,336040.8,52180.1,959230.6
r4n10074,11.91,81.01,19.03,U=0.7 g=42%,roller,0.1628,855.2,2060 Warm,r4n10074,7.772,6.748,235263.1,94408.3,11262.9,422370.4,67713.5,1394086.2
r4n10075,62.26,21.55,45.56,U=0.6 g=18%,none,0.1812,2519.5,2000,r4n10075,7.325,0.8879,43750.8,90382.6,29152,334545.8,52337,879193.9
r4n10076,29.66,72.14,36.48,U=0.6 g=23% ,none,0.1527,2702.2,2000,r4n10076,7.43,4.032,83702.9,113398,15307.9,361728.8,55287.5,1085063.5
r4n10077,5.063,50.55,84.27,U=0.7 g=42%,roller,0.118,2397.1,2060,r4n10077,7.435,4.718,144471.8,102986.7,13722.1,382707.6,59905.4,1122478.1
r4n10079,59.29,41.23,73.5,U=0.7 g=42%,roller,0.1872,724.5,2000,r4n10079,7.246,4.74,129867,83763.1,12966.6,348992.4,55471.2,1035942.8
r4n10080,70.06,91.58,52.84,U=0.3 g=20%,roller,0.1694,1252.4,2060 Warm,r4n10080,7.278,5.568,157034.6,75068.6,14096.7,356898.2,57608,1300483.1
r4n10081,51.54,30.06,18.84,U=0.6 g=18%,screen,0.1244,829.5,2000,r4n10081,7.417,0.9533,44717.7,110659.6,28167.7,358136.2,54872.2,907455.8
r4n10082,37.47,87.65,5.114,U=0.7 g=42%,screen,0.1251,2599.9,2060 Warm,r4n10082,7.525,8.044,174379.3,108581.1,10706.1,402171.2,62922.5,1284133
r4n10083,30.39,40.21,12.86,U=1.1 g=34%,none,0.1758,1839.9,2060,r4n10083,7.33,3.153,92762.8,108740.4,15891.4,362611.6,55832.5,1029089
r4n10084,98.96,50.35,56.47,U=0.3 g=20%,none,0.1003,2762.7,2000,r4n10084,7.26,3.57,74870.8,92696,17326.8,334755,52182.3,1005932.1
r4n10085,33.71,86.06,16.97,U=0.6 g=18%,roller,0.1282,972,2000,r4n10085,7.499,2.68,73304.4,134304,19248.3,388137.4,58274.7,1159911.2
r4n10086,72.01,7.278,71.81,U=0.6 g=23% ,none,0.1212,2958.8,2060 Warm,r4n10086,7.216,1.066,72505.1,93250.4,26262.8,350302,54917.4,884401.1
r4n10087,70.23,29.69,24.78,U=0.6 g=23% ,roller,0.1083,941.1,2060,r4n10087,7.295,1.991,67047.4,105845.7,22042.8,354719.3,54661.2,949297.8
r4n10089,36.87,99.14,37.91,U=0.7 g=42%,none,0.1778,1371.6,2000,r4n10089,8.037,9.63,244331.8,104747.6,8886.4,435963.1,69285.8,1466013.2
r4n10090,75.62,59.12,33.51,U=0.6 g=23% ,screen,0.1299,2807.2,2060 Warm,r4n10090,7.282,3.893,108811,107772.9,15934.7,371252.2,57458.6,1123419.3
r4n10091,93.85,46.82,14.93,U=0.6 g=18%,screen,0.1394,1941.4,2000,r4n10091,7.395,1.804,56905,112763.9,22619.6,358033.7,54679.1,1006848.7
r4n10093,9.119,2.414,64.28,U=0.7 g=42%,roller,0.1617,1874.6,2000,r4n10093,7.293,0.3888,40651.3,78939.3,38051,334721.2,53319.1,771247
r4n10094,91.8,14.58,26.89,U=0.6 g=18%,none,0.1481,2283.4,2060 Warm,r4n10094,7.145,0.7533,74003.4,84623.6,31314,349756.3,55536.5,912937
r4n10095,97.86,54.26,56.73,U=0.6 g=18%,none,0.1625,2466.4,2060,r4n10095,7.307,2.329,82575.3,108439.5,21141.3,365586.4,56389.5,1089680.6
r4n10096,40.9,95.66,21.48,U=0.6 g=23% ,roller,0.1763,2759.5,2060,r4n10096,7.429,5.401,125916.2,111941.3,13993.7,383003.8,59214.4,1283349
r4n10098,61.24,92.89,51,U=0.6 g=23% ,roller,0.1961,417.8,2060 Warm,r4n10098,7.447,5.791,152830.3,111091,12981.1,396401.4,61681.8,1341114.2
r4n10099,60.9,50.03,98.72,U=0.6 g=23% ,roller,0.1491,1548.8,2060,r4n10099,7.311,3.701,90806.3,105355.9,16706.6,358777.2,55427.5,1070604.8
r4n10100,3.168,37.37,86.12,U=0.7 g=42%,none,0.1256,2554.9,2060,r4n10100,7.364,3.481,119405.6,97617.9,15671.5,364604.6,57113,1040074
r5n10001,68.08,21.27,63.36,U=0.7 g=42%,roller,0.1373,2693.2,2000,r5n10001,7.212,2.891,84899.7,87654.4,16594.6,333299.1,52340.6,935013.4
r5n10003,6.537,32.63,13.5,U=0.6 g=23% ,none,0.1989,727.7,2060 Warm,r5n10003,7.079,1.341,79559.3,74139,24669.8,328306.1,52570.6,928362.4
r5n10005,32.87,57.33,26.49,U=0.3 g=20%,roller,0.1071,2420.5,2060 Warm,r5n10005,7.171,2.927,103401.2,87655.8,18704.9,348408,55043.1,1055154
r5n10007,92.63,81.02,42.96,U=0.3 g=20%,none,0.1777,319.8,2060 Warm,r5n10007,7.206,4.907,151305.5,71059.2,14662,349575.1,56631,1265016.7
r5n10008,65.44,71.14,41.23,U=0.6 g=23% ,none,0.1903,945.8,2060,r5n10008,7.31,4.319,111175.9,100383.6,15365.1,362502.1,56507,1192346.3
r5n10009,23.15,40.33,74.72,U=0.6 g=23% ,none,0.1019,1716.2,2060,r5n10009,7.384,2.532,73060.6,117683.7,19864.1,368880.4,56210.6,979943.5
r5n10010,88.51,51.36,80,U=0.7 g=42%,screen,0.1163,1888.1,2000,r5n10010,7.437,6.81,108536,115491.3,11000.9,371446,56851.8,1102171.8
r5n10011,27.9,73.53,33.12,U=0.6 g=23% ,none,0.1698,953.5,2060,r5n10011,7.337,4.009,105173.7,103308.9,15958.9,363543.9,56450.4,1161816
r5n10012,93.51,43.1,45.62,U=0.6 g=23% ,roller,0.1237,2476,2060,r5n10012,7.275,3.542,84775.5,104253.8,17813.1,355800.3,54986.6,1043199.6
r5n10013,81.01,33.74,15.37,U=0.7 g=42%,none,0.1007,1568.7,2060 Warm,r5n10013,7.325,3.654,151110,92813.5,15228.9,377068.9,59742,1122900.4
r5n10014,52.74,71.39,44.49,U=0.6 g=23% ,none,0.1182,138.5,2060,r5n10014,7.364,4.415,106557.2,114839,15502.8,377649.2,58015.5,1165246.5
r5n10016,77.41,60.98,95.97,U=1.1 g=34%,none,0.1645,1170.5,2060,r5n10016,7.589,7.377,141495.1,152112.9,10801,435702.3,65303.8,1289826.7
r5n10017,97.85,0.6259,17.97,U=0.6 g=23% ,none,0.1655,2498.9,2060 Warm,r5n10017,7.024,0.3423,69447.5,67935.6,32912,329500.6,53299.5,856969.7
r5n10018,74.43,15.07,67.44,U=0.3 g=20%,none,0.1725,1267.2,2060 Warm,r5n10018,6.962,1.339,77622.1,63653.8,25042.8,315011,51063,895599
r5n10019,55.32,11.35,7.945,U=0.7 g=42%,none,0.1542,126.4,2000,r5n10019,7.085,1.168,56101.5,72451.4,23591.9,310024.7,49440.3,804291.4
r5n10020,1.413,31.75,99.5,U=0.6 g=23% ,none,0.1346,2928.8,2000,r5n10020,7.445,1.863,49815.6,111924.4,21517.3,350771.5,53449.9,893770.4
r5n10023,99.83,11.25,46.49,U=0.7 g=42%,screen,0.1602,2472.1,2060 Warm,r5n10023,7.133,2.134,93896.1,80179.7,18350,332928,52895.2,946598.8
r5n10024,68.28,95.76,60.64,U=0.6 g=23% ,none,0.1488,626,2060 Warm,r5n10024,7.507,6.297,159578.9,117942.5,12628.2,408184.4,63220.4,1386157.7
r5n10025,54.11,25.28,14.01,U=0.7 g=42%,screen,0.1816,1648.1,2060,r5n10025,7.148,2.3,74039.5,76947.7,19250.5,318577.2,50596.6,930501.1
r5n10026,26.78,83.42,62.88,U=0.3 g=20%,screen,0.1462,351.1,2060 Warm,r5n10026,7.237,4.5,132202.5,79794.7,15259.1,349872.3,55958.2,1203684.2
r5n10027,85.86,58.81,30.43,U=0.3 g=20%,screen,0.1662,1406.1,2060,r5n10027,7.096,3.536,96660.5,71978.9,17701.6,323274.7,51849.9,1082404.9
r5n10028,63,72.74,74.46,U=0.6 g=23% ,roller,0.1166,224.1,2060 Warm,r5n10028,7.365,4.972,131682.2,116983.2,14197.5,393105.8,60602.5,1227511.8
r5n10029,91.25,72.34,49.57,U=0.3 g=20%,none,0.1199,1218.3,2060 Warm,r5n10029,7.216,4.625,137861,79758.3,15297.6,353287.1,56572.3,1214956.5
r5n10031,93.3,28.04,56.73,U=0.3 g=20%,screen,0.1931,2239.7,2060,r5n10031,7.011,2.141,72924.6,64108.3,21788,306771.4,49551.6,956904.6
r5n10032,99.11,61.97,28.19,U=0.3 g=20%,screen,0.148,2091.1,2060,r5n10032,7.121,3.804,101431.8,75225,17082.6,328993.5,52603,1111402.8
r5n10033,97.39,21.68,95.85,U=0.6 g=18%,screen,0.1775,1177.7,2000,r5n10033,7.336,1.27,48838.3,100110,24771.5,341607.9,52791.9,911929
r5n10034,33.57,79.01,45.69,U=0.3 g=20%,roller,0.1712,1818.7,2060 Warm,r5n10034,7.198,4.135,133391.7,73664.8,15809,344082.3,55432,1184224.8
r5n10035,43.16,25.05,47.36,U=0.6 g=23% ,screen,0.1643,410.5,2000,r5n10035,7.31,1.604,46567.5,93447,23177.1,329228.5,51131.1,874469
r5n10036,88.22,52.68,62.92,U=0.6 g=18%,none,0.1336,372.5,2060,r5n10036,7.324,2.181,80146.3,114806.5,21534.1,372618,57118.4,1070027.7
r5n10037,77.73,5.212,97.72,U=0.3 g=20%,screen,0.1902,2420.6,2000,r5n10037,7.158,0.9346,42960.5,67593.4,27569.1,303371.6,48653.6,824905.7
r5n10038,94.22,6.689,63.52,U=0.6 g=18%,screen,0.1247,496,2060,r5n10038,7.27,0.6131,55102.1,97243.1,34079,358706.2,56089,872988
r5n10039,74.4,21.16,57.85,U=0.7 g=42%,roller,0.1486,253.8,2060 Warm,r5n10039,7.106,2.996,127990.2,77577.1,16573.3,346996.8,55628.1,1002006.8
r5n10040,63.79,18.24,9.142,U=0.6 g=23% ,none,0.1635,1635.9,2060 Warm,r5n10040,7.07,1.107,75597,75361.6,25837.8,329533.2,52688.3,901884
r5n10041,9.911,21.96,21.19,U=0.6 g=18%,screen,0.184,1988,2000,r5n10041,7.297,0.5512,41576.9,82005.1,42160,346420.8,55157.3,830289.5
r5n10042,20.59,56.69,53.6,U=0.6 g=23% ,screen,0.1202,1984.6,2060 Warm,r5n10042,7.283,3.271,98381.5,110961.9,17096.4,370982.1,57145.3,1063600.1
r5n10043,52.36,57.31,90.91,U=0.3 g=20%,roller,0.1561,332.1,2060 Warm,r5n10043,7.125,3.536,117187,74481.2,16887.2,337295.4,54150,1095191.3
r5n10044,62.04,38.72,92.76,U=1.1 g=34%,none,0.1731,481.2,2000,r5n10044,7.468,4.714,88027.9,136615.8,12231.5,387162.1,57908.1,1062295.2
r5n10045,97.97,55.87,13.73,U=0.6 g=23% ,none,0.198,2700.5,2000,r5n10045,7.281,3.858,81110.2,94422.1,16103.1,338403.5,52691.6,1056267.6
r5n10046,40.65,46.36,1.307,U=0.7 g=42%,none,0.1166,376.6,2000,r5n10046,7.338,3.843,116641.9,96127.9,14612.5,359131.3,56257.6,1019575.3
r5n10047,98.9,89.17,11.73,U=0.3 g=20%,screen,0.1142,1039.7,2000,r5n10047,7.254,5.19,107212.7,87056.8,14107,341474.7,53852.9,1153360.5
r5n10048,39.38,89.53,22.92,U=0.6 g=23% ,none,0.1335,1561.7,2000,r5n10048,7.486,5.275,99518.4,123161.7,13600.9,380080.6,57759,1180835.4
r5n10049,98.81,8.085,23.3,U=1.1 g=34%,none,0.1752,1460.7,2060,r5n10049,7.071,1.413,68638.2,83364.8,20596.9,325590.6,51318,921443.9
r5n10050,70.49,46.89,99.28,U=0.6 g=18%,roller,0.1826,884.5,2060 Warm,r5n10050,7.227,2.178,95698.4,102770,21230.8,366806,57078.6,1065802.5
r5n10051,49.4,33.8,35.92,U=0.3 g=20%,roller,0.1173,625.7,2000,r5n10051,7.289,1.923,52244.6,90983.9,22559.5,328513.5,51207.8,881501.8
r5n10052,88.35,47.7,97.63,U=0.6 g=23% ,roller,0.1754,2440.4,2060,r5n10052,7.267,3.844,94299.2,99431,16350.2,352983.4,54883.5,1076986.2
r5n10053,21.44,99.38,47.78,U=0.3 g=20%,none,0.1932,755.9,2060,r5n10053,7.238,4.978,134910.2,75648.4,14825.3,345533.2,55526.6,1271732.9
r5n10054,57,3.359,8.688,U=0.7 g=42%,roller,0.1781,567.5,2060,r5n10054,6.871,0.4951,60785.7,58523.8,38020,321881.5,52718.3,831748.9
r5n10055,80.26,21.21,87.38,U=0.6 g=23% ,roller,0.1487,2555.6,2060 Warm,r5n10055,7.156,2.142,85392.3,90615,20275.5,344039.2,54016,960800.3
r5n10056,10.12,56.92,19.89,U=0.6 g=18%,screen,0.118,270.9,2060 Warm,r5n10056,7.277,1.719,89307.6,112065.2,24047.6,379402.8,58559.8,1036263.5
r5n10057,95.41,24.76,50.33,U=0.6 g=23% ,none,0.1356,2434.1,2060,r5n10057,7.195,2.176,70549.4,92947.6,20935.7,339056.9,52930.8,966557.4
r5n10059,70.48,96.84,91.78,U=1.1 g=34%,none,0.1789,2154,2000,r5n10059,7.85,10.61,156045.3,197656,7952.2,494876.8,72105.4,1420265.3
r5n10060,90.07,72.45,21.41,U=0.3 g=20%,none,0.1864,2605.2,2060,r5n10060,7.082,4.091,118068.2,68471.6,16349.7,329400.6,53236.8,1164483.6
r5n10061,4.341,11.57,37.12,U=1.1 g=34%,none,0.1375,2275.9,2060 Warm,r5n10061,7.276,0.9037,70505.9,96364.2,26684.5,353672.5,55261.6,854400.1
r5n10062,33.49,40.54,68.81,U=1.1 g=34%,none,0.1231,2274.4,2000,r5n10062,7.548,4.253,77781.4,146478.6,13331,395048,58499.2,1044805.1
r5n10063,82.97,17.06,20.73,U=0.6 g=18%,screen,0.1259,140.6,2000,r5n10063,7.351,0.7618,43072.2,103798.5,30842,353578.6,54627,863544.2
r5n10064,61.95,1.415,24,U=0.7 g=42%,screen,0.1321,608.1,2060,r5n10064,7.225,0.5491,54730.3,84191.7,36265,346464.9,54983.7,818913.7
r5n10065,62.05,85.21,1.55,U=0.6 g=18%,none,0.1805,1556.8,2060,r5n10065,7.371,2.993,96719.2,114283.5,19404.8,378087.4,58140.2,1201346.3
r5n10066,17.61,56.61,41.54,U=0.7 g=42%,roller,0.1712,488.3,2060 Warm,r5n10066,7.442,4.971,183892.9,85841.2,13039.8,384276.6,61610.6,1221596.8
r5n10067,19.57,95.38,47.86,U=0.6 g=18%,none,0.1917,1469.6,2000,r5n10067,7.508,3.262,80375.7,132119.3,17867.6,387221,58292.2,1196236.8
r5n10068,38.72,11.25,64.21,U=0.3 g=20%,roller,0.1753,2312.9,2000,r5n10068,7.217,0.8499,40933.8,70887.6,30774,311946.6,49914.2,809412.3
r5n10069,2.732,61.42,13.24,U=0.6 g=23% ,none,0.1425,337.2,2000,r5n10069,7.394,2.891,68089.9,109450.4,18118.2,352591.1,53980.8,1008816.9
r5n10070,43.02,78.55,78.92,U=0.7 g=42%,screen,0.1365,1740.8,2060,r5n10070,7.477,8.302,152928.5,111291.7,10598.9,392309.3,60933,1238280.8
r5n10071,43.05,8.948,5.124,U=0.3 g=20%,screen,0.1113,2200.9,2060 Warm,r5n10071,7.221,0.4901,68206.9,86769.6,42812,369593.7,58906.7,846818.6
r5n10072,26.48,74.37,29.85,U=0.3 g=20%,screen,0.1417,1865.1,2060,r5n10072,7.184,3.719,98972,79932.5,17305.7,333673.5,53049.1,1100483.6
r5n10073,76.76,89.62,83.78,U=0.3 g=20%,none,0.1134,333.9,2060 Warm,r5n10073,7.325,5.809,158139.7,83480.8,13758.4,367233.1,58757.8,1315319.9
r5n10074,25.79,43.46,60.62,U=0.3 g=20%,screen,0.1324,2029.4,2060 Warm,r5n10074,7.121,2.411,90526.5,80665.3,20412.3,335207.7,53262.7,981725.7
r5n10075,38.61,57.9,71.72,U=0.6 g=18%,screen,0.1447,1822.4,2060,r5n10075,7.367,2.058,77592.8,114811.4,22109.5,372133.5,57031.2,1064579.8
r5n10076,43.69,18.44,55.64,U=0.6 g=18%,none,0.1216,42.37,2060 Warm,r5n10076,7.216,0.7819,73216,97217.9,32863,367465.5,57658,866713.3
r5n10077,67.2,33.24,89.17,U=0.7 g=42%,screen,0.1113,1297.2,2060,r5n10077,7.341,4.452,98875.3,107849.7,14427.6,362567.9,55898.5,1027247.3
r5n10078,32.13,4.76,71.71,U=0.3 g=20%,screen,0.1953,2395.5,2060 Warm,r5n10078,6.985,0.504,67276.5,58529.2,39623,328782.6,53952.6,830802.5
r5n10079,37.73,58.89,61.02,U=1.1 g=34%,none,0.1511,1592.3,2000,r5n10079,7.585,5.876,102238.3,152276.8,11054.4,412709.2,61177,1147705.1
r5n10080,26.58,37.94,81.35,U=0.3 g=20%,screen,0.1054,742.3,2060,r5n10080,7.257,2.307,69145.4,94379.1,21754.4,341452.6,53240.3,939742.9
r5n10081,73.05,43.43,81.7,U=0.7 g=42%,roller,0.139,2017,2000,r5n10081,7.336,5.531,138143.7,94474.4,12144.1,365567.6,57546.4,1069967.3
r5n10082,95.85,83.78,92.3,U=0.6 g=23% ,screen,0.1382,1268.6,2000,r5n10082,7.482,6.234,100520,130537.5,12227,387220.3,58423.7,1223118.2
r5n10084,71.92,2.761,84.91,U=0.6 g=23% ,none,0.1709,2019.3,2060,r5n10084,7.161,0.7361,53516.4,77475.6,28519,323584.6,51448.5,855256
r5n10085,36.39,71.56,59.66,U=0.6 g=23% ,screen,0.1236,2109.5,2060,r5n10085,7.39,4.36,94657.1,118260.9,15561.3,374793.9,57220.6,1135095.5
r5n10086,63.95,62.77,38.14,U=0.6 g=18%,screen,0.1532,1654.4,2000,r5n10086,7.435,2.21,64287.4,119552,20921.3,367703.5,55844.9,1074527.4
r5n10088,8.324,34.58,24.1,U=0.3 g=20%,screen,0.1958,1249.7,2060 Warm,r5n10088,6.999,1.459,78840.7,62757.7,25752.4,315917.8,51300,921377.1
r5n10089,82.95,58.6,35.1,U=0.6 g=23% ,roller,0.1774,1307.6,2060,r5n10089,7.255,3.824,99062.8,96582.3,16419.2,352485,55031,1120066.1
r5n10090,24.13,60.97,80.39,U=0.6 g=23% ,none,0.1227,1887.9,2060 Warm,r5n10090,7.319,3.787,113942.4,111903.6,15971.6,379443.8,58580.8,1130447.3
r5n10091,15.52,23.58,13.11,U=0.6 g=23% ,none,0.1999,1323.9,2060,r5n10091,7.147,0.999,56605.9,71453.2,28256.1,317603.1,50879,878533.2
r6n10001,9.471,15.44,16.56,U=0.3 g=20%,screen,0.1463,166.5,2060 Warm,r6n10001,7.064,0.6381,68853.5,70443.6,42272,349060.1,56589.9,804226.9
r6n10002,69.45,61.18,13.69,U=0.6 g=23% ,roller,0.1252,345.3,2060 Warm,r6n10002,7.255,3.658,115353,104855.6,16199.4,372091.7,57851,1137083.2
r6n10003,70.75,1.146,27.52,U=0.6 g=23% ,screen,0.148,839.7,2060 Warm,r6n10003,7.139,0.3667,67684.3,76466,38031,348079,55914.2,828706.5
r6n10004,95.87,14.84,58.17,U=0.6 g=23% ,none,0.1674,1838.9,2060 Warm,r6n10004,7.061,1.6,81445.8,78597.6,22286.3,330601.2,52610.5,931145.1
r6n10005,33.43,61.4,88.63,U=0.3 g=20%,none,0.103,562.9,2060 Warm,r6n10005,7.201,3.759,115333.4,89546.8,16876.1,354578.1,55989.9,1110512.6
r6n10006,63.34,50.59,86,U=0.7 g=42%,none,0.1009,1631.7,2060 Warm,r6n10006,7.652,6.212,201190.1,103175.7,11999.9,413971.1,65482.3,1285308.6
r6n10007,52.52,14.3,92.9,U=0.3 g=20%,roller,0.1042,247,2060,r6n10007,7.241,1.299,57853.6,93875.8,26619.7,342813.5,53525.9,857876.7
r6n10008,17.44,50.1,16.07,U=0.6 g=23% ,none,0.1213,1907,2000,r6n10008,7.431,2.442,59484.4,113618.8,19650.3,355285.4,54116.3,968476.2
r6n10009,55.17,23.51,45.83,U=0.3 g=20%,roller,0.1958,1900.5,2060 Warm,r6n10009,6.955,1.441,79947.2,60350.8,24920,312143.8,50824.6,922141.2
r6n10010,48.56,90.69,88,U=0.6 g=18%,roller,0.1206,1559.6,2060 Warm,r6n10010,7.428,3.318,122926,134310.1,17050.4,414163.8,62930,1294514.9
r6n10011,74.64,93.6,3.567,U=0.6 g=23% ,none,0.1017,387.8,2060 Warm,r6n10011,7.468,5.805,151362.6,121111.1,13330.1,408394,62994.5,1351873.9
r6n10012,0.9754,8.228,1.506,U=0.7 g=42%,screen,0.1252,242.3,2000,r6n10012,7.357,0.3523,39696.5,92873.7,50343,373301.3,59062.7,762789.2
r6n10013,38.82,43.12,26.37,U=0.3 g=20%,none,0.1396,2024.2,2060 Warm,r6n10013,7.077,2.177,92478.9,75280.6,21003.5,330859.5,52932.4,988784.6
r6n10014,65.37,74.7,69.92,U=0.3 g=20%,screen,0.1752,2594.9,2060,r6n10014,7.164,4.448,112512.8,75131.7,15845.9,333298.8,53381,1161681.1
r6n10015,20.57,14.9,71.96,U=0.3 g=20%,roller,0.1902,2793.9,2060,r6n10015,7.088,0.8751,54147.3,63656.4,31418,312288.8,50576.1,849279.1
r6n10016,40.93,78.67,36.02,U=0.3 g=20%,screen,0.1406,1624.1,2060 Warm,r6n10016,7.215,4.217,126638.4,79220,15867.7,346924.5,55478.8,1176349.3
r6n10017,69.05,43.37,12.66,U=1.1 g=34%,roller,0.1999,1207,2060,r6n10017,7.31,4.201,94019.9,114196,14278.3,367142,56189.4,1072672.2
r6n10018,99.92,11.72,35.27,U=0.7 g=42%,roller,0.1841,2026.3,2060 Warm,r6n10018,6.949,2.249,114302.5,63281.1,18733.8,325197.1,52916.4,956133.3
r6n10019,75.81,10.69,23.76,U=0.6 g=18%,roller,0.1119,625.6,2060 Warm,r6n10019,7.238,0.5512,72003.2,96811.6,38081,375633.5,59153,875780.8
r6n10020,28.96,20.23,60.78,U=0.6 g=23% ,roller,0.1173,1577.9,2000,r6n10020,7.442,1.327,43168,111793,25008.3,352908.9,53843,861030.5
r6n10021,83.14,94.82,34.47,U=0.7 g=42%,none,0.1363,981,2060 Warm,r6n10021,8.451,10.25,314354.1,103268.1,9588.2,477634.2,76863.3,1631365.9
r6n10022,7.263,22.33,98.29,U=0.6 g=23% ,roller,0.165,1149.6,2060 Warm,r6n10022,7.178,1.336,76529.8,87174.5,24020.7,341261.9,53804.9,905339.7
r6n10023,15.64,37.51,67.22,U=0.6 g=23% ,screen,0.1597,1697.5,2060,r6n10023,7.286,2.191,66121.7,96200.6,21129.7,340731.1,52960.3,950666.2
r6n10024,28.83,75.69,37.29,U=0.3 g=20%,screen,0.133,1189.9,2060 Warm,r6n10024,7.204,3.949,120752.2,81012.9,16356.1,346464.1,55247.6,1156579.6
r6n10025,10.35,24.33,62.58,U=0.6 g=23% ,screen,0.1921,3.713,2000,r6n10025,7.28,1.336,44313.3,86273.7,24987.6,322370.6,50500.1,821770.7
r6n10026,87.21,91.75,31.63,U=1.1 g=34%,none,0.1304,2157.4,2000,r6n10026,7.783,9.796,149002.7,185232.5,8483.9,476426.1,69836.9,1373128.7
r6n10027,8.193,3.555,21.64,U=0.7 g=42%,screen,0.1688,1718,2060 Warm,r6n10027,7.06,0.3003,67569.2,65954,50718,357996.8,58561.9,803970.8
r6n10028,21.09,75.72,12.22,U=0.3 g=20%,none,0.1057,2978.5,2000,r6n10028,7.322,3.64,81319.8,94718.3,17047.3,340598.1,53059.3,1038015.2
r6n10029,60.83,87.31,93.26,U=0.3 g=20%,roller,0.1329,1935.8,2000,r6n10029,7.279,5.315,110314.3,86208.1,13745.6,341645.4,53953.9,1136477.9
r6n10030,44.59,6.3,59.18,U=0.6 g=18%,none,0.1124,2261.9,2000,r6n10030,7.467,0.4044,40054.1,110070.2,46382,387400.6,60156.5,807000.9
r6n10031,12.77,26.19,11.33,U=0.6 g=18%,screen,0.1898,894.1,2000,r6n10031,7.289,0.6217,41971.6,82107.9,36802,337137.5,53488,831698.6
r6n10032,36.6,31.43,13.7,U=0.6 g=23% ,none,0.1564,1897.5,2000,r6n10032,7.326,1.566,49376.8,92784.5,22944.7,329690.6,51268.7,892133.4
r6n10033,17.99,10.86,41.69,U=0.3 g=20%,screen,0.106,599.9,2060,r6n10033,7.313,0.6422,50966.9,95279,40825,365966.1,57551,814546.5
r6n10034,71.03,16.21,15.19,U=0.7 g=42%,none,0.1874,1027.3,2000,r6n10034,6.988,1.788,73901.5,64609.9,20143.6,304908.8,49176.7,883449.2
r6n10035,41.82,21.39,75.47,U=1.1 g=34%,roller,0.1151,495.4,2060 Warm,r6n10035,7.309,2.608,87943.9,125700.2,16673.6,381977.8,57887.3,957241.7
r6n10036,46.48,75.74,73.39,U=0.6 g=23% ,none,0.1048,2649.2,2060,r6n10036,7.435,4.962,110714.4,123414.9,14802.6,389365,59398.8,1206257.5
r6n10037,85.14,40.85,7.592,U=0.7 g=42%,roller,0.1656,1880.8,2060 Warm,r6n10037,7.253,4.228,170865.7,75699.4,14239.2,366224.1,59223.8,1149732.8
r6n10038,14.56,29.67,34.64,U=1.1 g=34%,screen,0.2,2537.4,2060,r6n10038,7.335,2.456,58142.3,106167,18369.5,343167.6,52567.9,933209.2
r6n10039,98.21,44.84,6.258,U=0.7 g=42%,roller,0.1075,1810.1,2000,r6n10039,7.302,4.991,132806,97026.6,13056.3,367131.7,57614.1,1083060.2
r6n10040,87.7,18.06,89.05,U=0.7 g=42%,none,0.1298,2174.2,2060 Warm,r6n10040,7.21,3.211,135950.9,83272.4,15635.8,357046.3,56952.9,1032861.5
r6n10041,80.99,84.13,0.5167,U=0.6 g=18%,screen,0.1907,116.6,2060 Warm,r6n10041,7.305,2.78,119642.9,110942.6,18326.5,385929.8,59820.7,1238176.5
r6n10042,67.9,3.452,95.68,U=0.3 g=20%,roller,0.148,420.9,2060,r6n10042,7.107,0.7649,54110.7,72416.1,31294,322756.4,51720.7,824775.5
r6n10043,30.85,52.98,65.38,U=0.6 g=18%,roller,0.1684,1464.9,2060 Warm,r6n10043,7.242,1.766,92427.4,102631.3,22495.1,366947.1,57115.4,1055183.3
r6n10044,60.71,52.3,62.39,U=0.6 g=18%,none,0.1722,1741.6,2060,r6n10044,7.31,2.109,76929.5,105189.5,22455.4,360593.5,55766.2,1049075.8
r6n10045,45.21,5.386,40.74,U=0.7 g=42%,none,0.1849,353.7,2060 Warm,r6n10045,6.917,1.044,80462.5,61311.3,25653.7,314944.1,51245.7,839530.9
r6n10046,34.2,36.5,91.75,U=1.1 g=34%,screen,0.1579,28.95,2000,r6n10046,7.492,3.982,55986.1,147918.9,13341.6,383766.3,56361.6,1001986.2
r6n10047,4.949,9.327,12.39,U=0.6 g=18%,screen,0.1827,2195.6,2060,r6n10047,7.164,0.2061,50321.1,68367,51080,351135.1,57133.8,815333.9
r6n10048,55.14,49.11,32.41,U=0.6 g=23% ,none,0.1084,723.2,2060 Warm,r6n10048,7.253,3.218,102836.3,108283.9,17711.4,371493.2,57459.1,1069970.9
r6n10049,48.46,68.27,9.424,U=1.1 g=34%,roller,0.1861,1115.2,2060,r6n10049,7.462,5.975,117961.6,138401.6,11812.9,406652.4,61246.2,1196414.3
r6n10050,91.82,73.69,32.1,U=0.7 g=42%,roller,0.1739,1906.3,2000,r6n10050,7.599,7.848,207944.1,93741.7,9811.3,402340.9,64185.7,1290095.1
r6n10051,10.25,51.56,39.44,U=1.1 g=34%,none,0.1189,337.7,2000,r6n10051,7.543,4.44,83393.3,150683,13070,403083.9,59587.5,1073625
r6n10052,30.84,55.85,37.86,U=1.1 g=34%,roller,0.1621,2184.8,2060 Warm,r6n10052,7.39,5.021,122834,132569.6,12494.7,403779.3,61216.9,1149918.2
r6n10053,3.486,20.81,49.76,U=1.1 g=34%,screen,0.1004,630.3,2000,r6n10053,7.597,1.731,40517.8,147146.9,21397.4,388037.5,57189.6,895491.6
r6n10054,38.68,29.34,28.65,U=0.7 g=42%,none,0.1061,1664.7,2060 Warm,r6n10054,7.258,2.792,122938.9,94546.9,17185.3,365808.4,57583.5,1030310.3
r6n10055,59.94,38.85,65.29,U=0.7 g=42%,screen,0.1007,2874.2,2060 Warm,r6n10055,7.336,4.635,119629.9,110230.4,13808.3,376924.8,58269.1,1061834.6
r6n10056,0.03926,13.11,25.31,U=0.3 g=20%,screen,0.1277,643.2,2060,r6n10056,7.233,0.5092,52395.3,82601.5,48876,365819.8,58578,809166.8
r6n10057,25.11,89.95,78.43,U=1.1 g=34%,none,0.1475,1825.4,2060,r6n10057,7.793,8.998,162213.7,175654.7,9820.2,475140.2,70402.8,1412156
r6n10058,97.09,8.728,66,U=0.3 g=20%,screen,0.1087,2791.4,2060,r6n10058,7.231,1.181,56994.9,90093,27306,338917.2,53143,885085.3
r6n10059,82.41,23.21,94.3,U=0.6 g=18%,none,0.1804,2648.5,2000,r6n10059,7.353,1.23,47800.6,99698.7,25340.9,341501.9,52807.4,914698.4
r6n10060,7.781,98.29,24.81,U=0.6 g=18%,roller,0.1367,1559.1,2060,r6n10060,7.462,2.966,98310.6,129951.2,18717.6,396957.7,60214.2,1225230.7
r6n10061,87.68,31.51,32.11,U=0.6 g=18%,roller,0.1004,2245.2,2060,r6n10061,7.364,1.344,63523.3,117091.1,25990.7,373464.4,57079.9,982927.1
r6n10062,67.76,67.88,83.74,U=0.6 g=18%,screen,0.1768,1991.6,2060 Warm,r6n10062,7.308,2.798,109417.4,113748.2,18881,384222.1,59282.2,1171155.4
r6n10063,10.77,65.99,12.12,U=0.7 g=42%,none,0.1527,143.3,2060,r6n10063,7.526,5.157,178527.1,90019.5,13237.9,386407.3,61644.6,1249977.2
r6n10064,47.38,26.19,6.313,U=0.3 g=20%,none,0.1071,1698.9,2000,r6n10064,7.353,1.249,44687.3,98128.7,25630.9,338241,52354.2,859322
r6n10065,48.31,83.92,3.036,U=0.7 g=42%,roller,0.1737,2885.5,2000,r6n10065,7.622,7.694,203227.3,95257.6,10013.3,401734.5,63951.2,1283658.8
r6n10066,57.97,4.019,40.18,U=0.6 g=18%,roller,0.1976,2717.7,2060 Warm,r6n10066,7.027,0.3075,69577,64914.8,47429,352011.7,57577.5,855098
r6n10067,12.57,47.26,16.58,U=1.1 g=34%,none,0.1251,2227.6,2060 Warm,r6n10067,7.383,3.643,116091.7,127173.7,14579.9,396895.3,60433.7,1097950.2
r6n10068,12.16,15.73,95.62,U=1.1 g=34%,roller,0.1441,354.6,2000,r6n10068,7.466,1.712,46546.5,125026.8,19329.1,360889,54171,892204
r6n10069,26.92,4.872,79.71,U=0.6 g=23% ,roller,0.1806,901.6,2060 Warm,r6n10069,7.11,0.5376,67496.9,71289.2,36147,338253.5,54586.6,826151
r6n10070,72.15,32.17,43.38,U=0.6 g=18%,none,0.1141,970.7,2060 Warm,r6n10070,7.253,1.38,82233.9,106950.7,25747.2,371966.5,57654.5,977245.3
r6n10071,48.89,27.88,79.61,U=0.6 g=23% ,roller,0.124,1243.5,2060,r6n10071,7.304,2.054,66922.2,103623.1,21402.2,350781.6,54141.2,938129.8
r6n10072,43.86,18.64,51.2,U=0.6 g=18%,roller,0.1606,1311.5,2060 Warm,r6n10072,7.162,0.7418,72489.3,83616.4,33114,350857.5,55817.1,896729.5
r6n10073,60.35,48.77,60.27,U=1.1 g=34%,screen,0.1532,1076.6,2060,r6n10073,7.464,5.265,78647.4,148133,12714.3,396584.4,58636.7,1082606.4
r6n10074,99.14,48.61,34.34,U=0.7 g=42%,none,0.1772,1313.2,2000,r6n10074,7.329,6.033,163258.2,81072.9,11890.2,363782.7,58340.8,1140468.1
r6n10075,20.51,79.86,1.717,U=0.7 g=42%,roller,0.1334,2243.8,2060,r6n10075,7.65,6.664,204427.9,98236.9,11796.6,409403,65075.4,1334770.7
r6n10076,26.4,86.5,36.14,U=0.6 g=23% ,roller,0.107,1727.4,2060,r6n10076,7.447,5.064,112422.5,123628,14778.5,390602.5,59602.9,1225840
r6n10077,63.15,35.91,28.73,U=0.6 g=18%,roller,0.115,2897.4,2060 Warm,r6n10077,7.262,1.279,82271.9,106805.5,25800.6,371898.6,57654.5,995300.5
r6n10078,48.81,71.77,13.97,U=1.1 g=34%,none,0.1327,1842.1,2060,r6n10078,7.598,6.538,138977.7,148870.5,11438,431378.5,64799.6,1288412
r6n10079,67.49,69.98,90.96,U=1.1 g=34%,screen,0.1539,2931.9,2060,r6n10079,7.563,8.416,96681.8,176631.7,10379.2,438032.6,63683.5,1219035.7
r6n10080,5.104,28.68,17.77,U=1.1 g=34%,roller,0.1331,244.7,2060 Warm,r6n10080,7.247,2.01,82236.8,109611.1,19745.6,364412.9,56082.4,923098
r6n10081,94.28,71.67,22.48,U=1.1 g=34%,none,0.1786,48.81,2060 Warm,r6n10081,7.632,7.412,181805.6,143322.7,10486.1,448681.3,68356.1,1379100.2
r6n10082,11.74,96.23,78.91,U=0.7 g=42%,none,0.1491,2471.8,2060 Warm,r6n10082,8.349,9.166,290716.6,107898.8,9786.6,469472.3,75018.5,1582418.3
r6n10083,27.99,19.28,41.39,U=0.3 g=20%,screen,0.1737,1082.3,2060 Warm,r6n10083,7.025,1.019,71904.7,65121.8,29597.8,321575.7,52115.6,867691
r6n10084,51.92,41.61,38.44,U=0.7 g=42%,roller,0.1897,1753.1,2060,r6n10084,7.199,4.12,142425.8,76708.1,14846.1,351377.1,56484.1,1098206.9
r6n10085,88.24,33.91,90.56,U=0.7 g=42%,screen,0.1534,2116.4,2060,r6n10085,7.292,5.036,109081.5,95156.1,13762.1,351977.9,55058.7,1049944
r6n10086,78.63,20.24,30.85,U=0.6 g=23% ,none,0.1158,2671.5,2060,r6n10086,7.262,1.582,61857.4,98772.6,23654.8,345863.3,53664.5,929835.8
r6n10087,95.38,90.34,4.021,U=0.7 g=42%,none,0.165,2568.9,2060,r6n10087,8.158,9.216,280263.4,95328.8,10140.8,448355.6,72285.4,1551260.4
r6n10088,16.89,37.28,53.31,U=0.7 g=42%,none,0.1395,247.9,2000,r6n10088,7.315,3.551,100410.8,92992.2,15495.5,347148.6,54374.6,947939
r6n10089,39.63,2.701,75.42,U=1.1 g=34%,roller,0.1542,525.5,2060,r6n10089,7.295,0.7937,52720.5,96629.9,26782.8,343399.7,53401.7,829547.7
r6n10090,53.3,62.96,89.93,U=0.7 g=42%,screen,0.149,1135.5,2060 Warm,r6n10090,7.463,7.024,163049.6,103643.2,11145.3,390128.7,61178.3,1211461.6
r6n10091,77.69,29.87,83.04,U=0.3 g=20%,screen,0.1972,2243.6,2000,r6n10091,7.127,2.215,58895.6,68809.1,20757.4,302150.7,48334.5,917541.4
r6n10092,17.98,10.96,59.77,U=0.7 g=42%,screen,0.1276,1334.5,2060 Warm,r6n10092,7.192,1.217,74566.4,90262.9,25087.4,345778.7,54356.4,860967.7
r6n10093,77.32,42.39,2.336,U=0.7 g=42%,screen,0.178,1206.2,2060 Warm,r6n10093,7.201,4.295,121598.7,82372.8,14399.1,345118.4,54893.9,1065471.2
r6n10094,94.65,11.16,31.62,U=0.6 g=18%,roller,0.1849,2428.6,2060 Warm,r6n10094,7.064,0.6566,73193.2,73736.7,33048,339080.7,54531.4,903193.1
r6n10095,50.8,68.02,52.74,U=0.6 g=18%,roller,0.1886,672.4,2060,r6n10095,7.334,2.276,86215.5,109697,20753.1,368607.1,56825.4,1113158.4
r6n10096,48.81,16.64,58.97,U=0.7 g=42%,roller,0.1533,2187.7,2060,r6n10096,7.095,2.097,86164.2,77797.3,19790.6,327852.1,52185.1,921286.9
r6n10097,17.83,58.61,84.83,U=0.6 g=23% ,none,0.1989,1537.4,2060,r6n10097,7.302,3.353,93336.9,98280,16911.5,352011.5,54805.3,1076259.4
r6n10098,97.31,96.65,67.38,U=0.6 g=18%,screen,0.1399,2150.2,2060 Warm,r6n10098,7.448,3.725,133839.6,133420.5,16098.5,417909.7,63674,1361652
r6n10099,28.98,22.24,45.6,U=0.7 g=42%,roller,0.1824,2464.1,2060,r6n10099,7.077,2.136,88670.1,72328.1,19917.7,322901.9,51754.2,933037.1
r6n10100,54.56,10.73,8.916,U=0.6 g=18%,screen,0.158,1711.2,2060,r6n10100,7.179,0.3769,53880.3,77251.7,45810,354653.1,57024.8,854859.3
r6n10101,27.31,29.43,97.35,U=0.6 g=23% ,roller,0.1845,2732.3,2060,r6n10101,7.246,1.944,67295.4,89226,21373.6,333354.8,52219.9,941726.1
r6n10102,2.795,28.62,84.55,U=0.6 g=18%,roller,0.1192,294,2000,r6n10102,7.472,0.9029,43098.9,119314.3,29807.6,370696,56400,897584.1
r6n10103,36.34,86.31,90.86,U=0.6 g=23% ,screen,0.1528,2414.2,2060,r6n10103,7.434,5.581,110589.1,120912.3,13861.5,384536.1,58743.1,1225724.2
r6n10104,85.96,66.01,48.45,U=0.6 g=23% ,none,0.1079,9.754,2060 Warm,r6n10104,7.329,4.599,128886.2,114069.3,14762.5,388885.7,60089.7,1201825.8
r6n10105,66.62,17.59,26.16,U=0.6 g=23% ,roller,0.193,2675.9,2060,r6n10105,7.108,1.264,59273.8,72954.6,26372.7,317653.6,50763.1,904582.4
r6n10106,84.89,24.42,60.73,U=0.6 g=23% ,none,0.1576,791.5,2000,r6n10106,7.286,2.09,54253.2,93861.3,20669.4,329824.9,51203.5,903469
r6n10107,10.4,12.01,24.88,U=1.1 g=34%,roller,0.1262,1846.1,2000,r6n10107,7.485,0.9765,39829.9,112012.6,32609,364855.1,55961.9,824914.4
r6n10108,65.66,25.39,58.78,U=0.7 g=42%,none,0.124,1079.4,2060 Warm,r6n10108,7.236,3.245,135718.9,85799.3,15946.2,360554.3,57370.5,1056708.5
r6n10109,88.52,78.74,14.16,U=1.1 g=34%,none,0.1244,1844.7,2060 Warm,r6n10109,7.724,8.058,184407.7,157466.4,10214.1,467042.2,70465.4,1430240.9
r6n10110,8.208,4.928,10.36,U=0.6 g=18%,none,0.1551,90.06,2060 Warm,r6n10110,7.118,0.115,65191.2,71291.6,51226,364010.6,59194.1,758759.9
r7n10001,65.94,49.03,79.11,U=0.6 g=23% ,screen,0.1412,2839.8,2060,r7n10001,7.33,3.623,83297.4,107820.5,17080.9,357957.3,55076.1,1052167.4
r7n10002,28.52,35.23,96.64,U=0.3 g=20%,roller,0.1741,720.7,2000,r7n10002,7.206,2.322,57264.4,75683,21260,310479.2,49253,886696.5
r7n10003,56.15,36.69,61,U=0.6 g=23% ,none,0.1713,2297.8,2000,r7n10003,7.329,2.466,59816,96209.9,19309.2,333587.7,51681.5,946100.2
r7n10004,5.575,93,70.96,U=0.6 g=23% ,screen,0.1905,619.9,2000,r7n10004,7.466,5.289,92675.3,122672.1,13140.2,374545.5,56809.7,1187252.8
r7n10005,74.59,36.51,68.39,U=0.3 g=20%,screen,0.1461,2956.6,2060 Warm,r7n10005,7.081,2.603,94020.3,74829,19603.8,328718.7,52586.9,991258.9
r7n10006,9.242,63.61,69.69,U=0.6 g=18%,none,0.1913,1576.2,2000,r7n10006,7.443,1.982,61115.1,115328,21696,362033.3,55181.4,1047852.5
r7n10007,16.71,57.63,1.175,U=0.7 g=42%,roller,0.1996,1569.4,2060 Warm,r7n10007,7.371,4.395,178319.9,77868.9,13835.2,372617.1,60187.2,1193362.6
r7n10008,23.3,17.82,43.11,U=0.3 g=20%,screen,0.1831,391,2060,r7n10008,7.077,0.9275,54296.3,64264.5,31701,313633.5,50766,834046.9
r7n10009,87.01,65.52,91.77,U=0.6 g=23% ,screen,0.1007,2600.1,2060 Warm,r7n10009,7.376,5.004,120942.9,124227.8,14160.1,395452,60420.3,1199578.8
r7n10010,88.26,26.77,71.75,U=0.6 g=18%,screen,0.1496,2297.2,2060,r7n10010,7.273,1.364,64070.6,99158.4,25791.2,351509.7,54642.3,968164.2
r7n10011,92.56,32.75,22.96,U=0.3 g=20%,none,0.1673,2999.7,2060 Warm,r7n10011,6.977,2.139,92946.9,64563.8,20931,317908.3,51505.9,983053.6
r7n10012,7.405,13.44,82.77,U=0.6 g=23% ,screen,0.1196,2076.3,2060,r7n10012,7.38,0.8473,51467.5,103214.4,31242,358721.9,55595.5,847177.4
r7n10013,17.3,67.75,17.95,U=0.6 g=23% ,none,0.1303,1722.2,2060,r7n10013,7.353,3.445,94286.6,108490.9,17151.4,365494.8,56368.8,1100722.2
r7n10014,14.67,94.07,7.882,U=1.1 g=34%,roller,0.1611,191.1,2060,r7n10014,7.616,7.898,139471,164338.5,10405.3,448724.2,66617.4,1306502.7
r7n10015,61.8,82.37,68.36,U=0.6 g=23% ,roller,0.184,1527.5,2060 Warm,r7n10015,7.403,5.67,143127.4,109111.1,13503.9,389101.5,60540.3,1286867.2
r7n10016,63.61,81.95,8.962,U=1.1 g=34%,screen,0.1981,2482.8,2000,r7n10016,7.601,7.592,78566.9,174994.5,9528.6,423537.7,61226.5,1309945.2
r7n10017,73.52,6.051,63.14,U=0.6 g=23% ,roller,0.1501,2779.9,2060 Warm,r7n10017,7.136,0.919,71517.6,80511.8,29176.9,339393.5,54024.3,874408.8
r7n10018,1.431,8.321,28.91,U=0.6 g=23% ,roller,0.1803,2161.2,2060 Warm,r7n10018,7.066,0.3321,67960.5,66165.7,50799,358639.4,58659,822385.2
r7n10019,95.89,33.65,99.61,U=0.7 g=42%,screen,0.1935,672.5,2060 Warm,r7n10019,7.29,5.298,138213.5,87595.2,12920.8,358808.6,56908.9,1105569.9
r7n10020,90.51,3.408,25.22,U=0.6 g=18%,roller,0.1028,1703.6,2060 Warm,r7n10020,7.285,0.3365,70388.3,100691.1,40461,383684.2,60270.8,872373.7
r7n10021,75.69,22.2,13.8,U=1.1 g=34%,none,0.1342,2624.7,2000,r7n10021,7.386,2.405,60485.3,113979,17359.1,352200.3,53534.7,925529.2
r7n10022,79,60.53,37.77,U=0.3 g=20%,roller,0.1391,2132.7,2060,r7n10022,7.115,3.649,100266.9,76245.1,17542.6,330371,52764.6,1086120.5
r7n10023,70.09,35.35,83.4,U=0.6 g=23% ,roller,0.1125,1217.4,2060 Warm,r7n10023,7.243,2.863,95534,107364.4,18116.4,366715.3,56680.6,1018442.1
r7n10024,53.28,20.57,59.33,U=1.1 g=34%,screen,0.1853,1458.6,2060,r7n10024,7.354,2.407,59658.5,111473.4,17684.3,349330.3,53229.3,931704.4
r7n10025,88.84,10.27,59.84,U=0.6 g=18%,roller,0.1828,2786.5,2060,r7n10025,7.168,0.6962,55776.2,79524.5,32599,334791.7,53283.1,898123.3
r7n10026,82.11,69.31,12.81,U=0.3 g=20%,screen,0.1396,2512.5,2000,r7n10026,7.205,3.879,86047.1,81062,16358.1,325498.9,51493,1052584.5
r7n10027,76.03,90.34,91.27,U=0.6 g=23% ,screen,0.117,2947.5,2000,r7n10027,7.515,6.236,101061.5,136939,12063.4,395079.2,59297.4,1237311.1
r7n10028,97.13,73.95,70.62,U=1.1 g=34%,none,0.1635,137.7,2060 Warm,r7n10028,7.722,8.961,189052.9,158778.4,9845.3,470772.9,71023.8,1426216.7
r7n10029,2.118,13.28,70.01,U=0.3 g=20%,screen,0.1262,718.6,2000,r7n10029,7.381,0.6541,39242.2,92163.8,35234,344966.8,54053.2,780673.7
r7n10030,99.3,12.9,78.22,U=0.3 g=20%,screen,0.167,1874.4,2060 Warm,r7n10030,6.997,1.567,79518.8,66737.2,23774.4,317635.8,51276.5,912875.2
r7n10031,3.95,78.43,47.51,U=0.6 g=18%,roller,0.1517,1897.9,2060 Warm,r7n10031,7.334,2.371,105700,116237,19851.7,386781,59533.1,1155286.6
r7n10032,49.11,16.93,98.65,U=0.6 g=18%,none,0.1918,2728.4,2060 Warm,r7n10032,7.15,0.8258,73855.1,82493.2,30154.8,344975.1,54858.2,913487.5
r7n10033,19.16,62.12,43.09,U=1.1 g=34%,none,0.1455,739.9,2060 Warm,r7n10033,7.505,5.579,144516.9,139358.8,11965.5,424134.8,64294.1,1239781.5
r7n10034,82.24,33.23,46.78,U=0.7 g=42%,screen,0.166,1614,2060,r7n10034,7.223,4.092,98165.8,87489.2,15070.4,338409.6,53268.6,1017802.1
r7n10035,69.24,84.66,21.06,U=1.1 g=34%,none,0.1661,222.4,2000,r7n10035,7.683,8.369,138887,168033.9,9182.7,450591.3,66644.5,1299968.1
r7n10036,71.4,87.68,32.76,U=1.1 g=34%,none,0.1746,152.9,2000,r7n10036,7.715,8.847,144025.6,173175.3,8856.5,459364.9,67786.9,1325510.6
r7n10037,43.21,18.17,42.26,U=0.7 g=42%,roller,0.1445,416.6,2000,r7n10037,7.201,2,66829.5,84168,20131.9,324558.8,51066.9,855156.3
r7n10038,54.35,13.35,95.18,U=0.6 g=18%,none,0.1314,453.5,2060,r7n10038,7.305,0.7526,55031.8,100086.2,32234,358822.5,55873.8,874961.8
r7n10039,39.62,85.26,29.77,U=0.6 g=23% ,none,0.1408,1723.5,2060 Warm,r7n10039,7.408,4.97,139470.7,111506.9,14159.8,391012.3,60683.2,1274372.5
r7n10040,10.95,69.19,75.34,U=0.6 g=18%,roller,0.1337,1815.1,2060 Warm,r7n10040,7.335,2.204,101187.1,119121.6,20275.6,388365.7,59576.9,1123516.8
r7n10041,19.39,67.35,49.17,U=1.1 g=34%,none,0.157,549.1,2060,r7n10041,7.563,6.353,130171.7,145598,11742.2,422637.4,63508,1236998.4
r7n10042,39.47,18.38,18.6,U=0.7 g=42%,roller,0.1172,1112.8,2060,r7n10042,7.178,1.751,76595.4,88764.7,23024,341341.7,53687.2,903119.1
r7n10043,31.24,2.741,77.21,U=0.3 g=20%,screen,0.1998,2324.5,2060 Warm,r7n10043,6.975,0.4007,67113.4,57345.4,42126,331738.2,54579.7,823862
r7n10044,71.21,41.55,96.77,U=1.1 g=34%,roller,0.1616,2687.7,2000,r7n10044,7.516,5.323,81139.8,148784.2,11596.6,396768.1,58615.4,1098491
r7n10045,55.57,68.16,8.783,U=1.1 g=34%,screen,0.1698,2551.3,2060 Warm,r7n10045,7.397,6.096,106862.3,147251.8,11381.5,410146.9,61136.2,1179980.1
r7n10046,21.33,76.14,93.84,U=1.1 g=34%,roller,0.1726,311.2,2060 Warm,r7n10046,7.573,7.364,153868.7,161390.9,10265,453613.9,67737.1,1307024.9
r7n10047,94.09,36.36,25.9,U=0.7 g=42%,none,0.1378,2783,2000,r7n10047,7.218,4.542,126692.2,83543,13879.2,348451.2,55392.7,1033417.4
r7n10048,69.34,63.53,55.1,U=0.6 g=23% ,roller,0.1122,133.6,2060 Warm,r7n10048,7.307,4.273,121316.5,113430.9,15226.8,384394.2,59339.4,1172698
r7n10049,90.05,15.97,23.97,U=0.6 g=18%,screen,0.1352,935,2060,r7n10049,7.243,0.756,56704.7,92388.9,31453,349006.8,54757.3,905094.5
r7n10050,89.66,26.34,76.15,U=1.1 g=34%,screen,0.19,2406.5,2060 Warm,r7n10050,7.301,3.816,89528.9,121680.6,14044.1,373283.7,56666.4,1032549.8
r7n10051,6.03,3.84,52.82,U=0.3 g=20%,none,0.1518,2680.2,2060,r7n10051,7.2,0.2335,50454.5,72936.9,51166,356962.8,57796.6,799510.9
r7n10052,18.69,64.91,74.57,U=0.6 g=18%,screen,0.1375,2189.6,2000,r7n10052,7.491,2.295,61600.9,128629.4,21148.3,377600.9,56861.2,1069543.3
r7n10053,6.75,17.62,85.29,U=0.6 g=23% ,screen,0.1146,1144.6,2000,r7n10053,7.491,1.042,40637.9,116224.3,26933,360264.2,54790.8,848232.8
r7n10054,68.97,3.076,90.93,U=0.6 g=23% ,none,0.1281,257.3,2000,r7n10054,7.355,0.7949,41229.6,100971.9,27309,342656.3,52908.1,812066.4
r7n10055,95.36,43.46,62.78,U=0.6 g=23% ,roller,0.1926,2830.6,2000,r7n10055,7.298,3.329,71723.4,96354.7,16764.6,336331.9,52160,1012053.1
r7n10056,58.85,35.77,5.503,U=0.6 g=23% ,roller,0.1607,1063.6,2060 Warm,r7n10056,7.117,1.935,88536.9,84224.7,21032.1,339478.6,53731.1,987510.4
r7n10057,57.1,97.05,44.39,U=1.1 g=34%,none,0.1326,945.3,2060 Warm,r7n10057,7.893,10.1,202920.1,176900.4,9331.1,500317.3,74803,1530485.1
r7n10058,66.92,65.56,31.9,U=1.1 g=34%,screen,0.1706,2576,2060,r7n10058,7.493,6.521,87979.6,155903.4,11394.9,409308.1,60267,1169266.6
r7n10059,72.51,76.92,16.72,U=0.7 g=42%,roller,0.1451,1546.4,2000,r7n10059,7.599,7.588,199623,97927,10023.8,402852.2,63929.3,1284611.1
r7n10060,19.45,53.67,16.57,U=1.1 g=34%,roller,0.1401,681.6,2060 Warm,r7n10060,7.349,4.369,114056.7,130218.2,13428.9,397326.9,60257.9,1102196
r7n10061,41.56,41.12,72.71,U=0.3 g=20%,roller,0.1249,1168,2000,r7n10061,7.283,2.529,60032.5,88560.4,20347.6,326241,51002.7,917696.9
r7n10062,89.59,95.9,79.55,U=0.6 g=23% ,roller,0.1879,618.5,2000,r7n10062,7.501,6.488,118282.1,125961.4,11651.8,391252.8,59525.1,1272058.3
r7n10063,75.57,71.66,10.68,U=0.6 g=23% ,none,0.1077,2190.1,2060,r7n10063,7.371,4.541,107155.2,114979.7,15628,378401.7,58138.7,1190827.4
r7n10064,3.882,2.362,60,U=1.1 g=34%,screen,0.1538,858.4,2060,r7n10064,7.316,0.286,48873.7,88418,41446,357436.3,56595.1,793049.8
r7n10065,89.65,33.31,90.24,U=0.3 g=20%,roller,0.115,2577.7,2060,r7n10065,7.145,2.782,78628.5,83869.1,19932.9,331006.4,52244.9,975437.9
r7n10066,55.06,12.48,85.9,U=0.3 g=20%,none,0.179,42.63,2000,r7n10066,7.143,1.115,44643.9,69536,26240.9,304361.2,48669.3,785378.9
r7n10067,95.1,17.88,15.51,U=0.7 g=42%,none,0.1338,334.9,2060,r7n10067,7.021,2.287,104178.1,74702.4,18666.2,332846.3,53335.7,967486.1
r7n10068,47.91,18.05,42.1,U=0.3 g=20%,roller,0.1581,2943.8,2060,r7n10068,7.107,1.132,57017.5,69935.5,28604,316626.9,50830.2,875836.2
r7n10069,28.88,95.51,37.43,U=1.1 g=34%,screen,0.1137,2212.8,2060 Warm,r7n10069,7.548,9.361,125420.2,186952.2,9691.6,466758.2,67964.7,1315911.9
r7n10070,75.2,4.903,91.75,U=0.6 g=18%,roller,0.1432,384.4,2060,r7n10070,7.248,0.5652,54155.1,91057.8,36100,354218.9,55800.1,851978.8
r7n10071,6.359,35.44,62.7,U=1.1 g=34%,screen,0.1518,2922.6,2000,r7n10071,7.532,3.151,48458.7,138795.5,15423.8,371843.3,54986.5,963256.4
r7n10072,34.57,94.57,4.267,U=1.1 g=34%,roller,0.1352,994.4,2000,r7n10072,7.674,8.683,119267.1,181891.7,9136.1,455679.4,66403.2,1372345.2
r7n10073,84.66,0.6861,79.24,U=1.1 g=34%,none,0.1497,818.6,2060,r7n10073,7.201,1.002,61161.7,96398.9,21321.5,338343,52516.4,881413.6
r7n10074,41.55,67.39,89.62,U=0.6 g=23% ,roller,0.1225,774.8,2000,r7n10074,7.459,4.414,82769.8,125549.5,14586.7,374718.3,56601.5,1103433
r7n10075,62.37,87.19,99.82,U=0.6 g=23% ,none,0.1103,58.53,2060,r7n10075,7.481,5.962,128270.9,127093.4,13319.3,401723,61304.1,1295756.2
r7n10076,14.87,52.28,36.39,U=0.7 g=42%,screen,0.1121,890.2,2000,r7n10076,7.394,4.586,80850.5,113570.6,13483.5,356951.4,54418.6,1001777.7
r7n10077,8.114,52.95,26.2,U=1.1 g=34%,roller,0.1308,1242.6,2000,r7n10077,7.534,4.251,72080.9,147708.4,13287.4,393057.5,58041.1,1069893.1
r7n10078,81.48,26.45,3.659,U=1.1 g=34%,roller,0.1755,2926.1,2060 Warm,r7n10078,7.172,2.635,93785.9,99212.6,16573.5,352928.4,54891.8,1005476.4
r7n10079,92.57,10.67,54.24,U=0.6 g=18%,screen,0.1939,886.7,2060 Warm,r7n10079,7.062,0.7968,73811,74426.1,31808,338071,54293.3,899569.3
r7n10080,23.16,75.96,54.31,U=0.7 g=42%,none,0.1862,510,2060 Warm,r7n10080,7.894,7.065,245550.3,92319.9,11032,425573.2,68459.7,1438102.5
r7n10081,53.76,28.67,96.09,U=0.7 g=42%,screen,0.1041,570.2,2060,r7n10081,7.339,3.772,90294.8,111240.8,15332.5,363195.4,55729,986123.9
r7n10082,94.32,66.61,96.96,U=0.3 g=20%,roller,0.1034,2060.5,2000,r7n10082,7.261,4.857,94177.5,91333.7,14897.3,340301.2,53287.5,1074206.2
r7n10083,81.21,51.66,8.275,U=0.6 g=18%,roller,0.1074,716.2,2000,r7n10083,7.442,1.814,56838.8,126837.1,22531.6,375039.1,56551.8,1041690.3
r7n10084,68.52,14.27,67.09,U=0.7 g=42%,screen,0.1798,2399.7,2060 Warm,r7n10084,7.123,2.24,92948.7,77920.5,18163.7,329262.7,52427.4,939068.9
r7n10085,58.47,98.75,85.49,U=0.7 g=42%,screen,0.1127,1244.5,2060,r7n10085,7.652,10.82,184588.1,123418.5,9396.5,423968,65588.7,1371708
r7n10086,0.1498,80.07,79.23,U=0.3 g=20%,none,0.144,2400.3,2060 Warm,r7n10086,7.249,4.163,130786.2,80762.8,15784.2,351154.9,56107.3,1171676.6
r7n10087,24.83,78.98,78.97,U=1.1 g=34%,screen,0.1098,865.3,2060 Warm,r7n10087,7.51,7.909,117669.7,180995.5,10228.9,455797.6,66498.9,1242108.5
r7n10088,5.015,9.158,46.44,U=0.6 g=18%,none,0.1402,698.4,2000,r7n10088,7.389,0.2821,39928.8,93728.7,51048,375751,59430.2,782006.2
r7n10089,41.6,77.44,27.62,U=1.1 g=34%,screen,0.1436,2217.7,2060 Warm,r7n10089,7.457,7.194,113547.2,163091.9,10687.9,432270.6,63777.6,1229001.3
r7n10090,77.62,74.11,84.78,U=0.3 g=20%,none,0.1793,1572.6,2060,r7n10090,7.146,4.649,122607.8,73089.4,15469.7,336185.5,54067,1196297.7
r7n10091,10.7,25.51,35.08,U=0.6 g=23% ,none,0.185,2100,2060,r7n10091,7.204,1.246,58401.3,78911.5,26413.2,324482.8,51489.8,890314.1
r7n10092,88.37,40.9,35.18,U=0.3 g=20%,roller,0.1694,2906.6,2060 Warm,r7n10092,7.022,2.797,100994.6,66670.7,19226.5,322246.2,52106.8,1017857.3
r7n10093,40.99,99.9,84.6,U=0.7 g=42%,roller,0.1656,2291.5,2000,r7n10093,8.007,10.18,248676.4,112240.3,8398.5,446855.6,70611.8,1459479.9
r7n10094,19.62,69.42,90.86,U=0.6 g=23% ,none,0.1614,150.8,2060,r7n10094,7.357,4.173,103998.5,109369.7,15573.3,369553.4,57021.8,1137016.6
r7n10095,49.95,88.22,89.5,U=0.6 g=18%,roller,0.1417,2047.9,2000,r7n10095,7.529,3.184,80320.2,142076.2,17345.1,398416,59467.7,1203229.5
r7n10096,84.33,62.84,1.693,U=0.6 g=23% ,none,0.1776,636.6,2000,r7n10096,7.313,3.93,83667.4,99653.4,15847.4,345876.5,53593.7,1075739.9
r7n10097,4.598,65.16,92.16,U=0.6 g=18%,none,0.1638,687.8,2060,r7n10097,7.382,2.049,79923,116011.3,21556.2,374001.2,57265.6,1070358.3
r7n10098,10.35,93.21,68.94,U=0.6 g=18%,roller,0.1113,700.5,2000,r7n10098,7.553,3.043,76827.7,148537.5,17947.8,405307.1,60163.6,1199843.9
r7n10099,53.03,52.54,14.03,U=0.3 g=20%,roller,0.1466,2216.8,2060 Warm,r7n10099,7.083,2.68,103224.1,73181,19139.6,331383.6,53200.5,1037894.5
r7n10100,1.332,63.33,34.58,U=0.6 g=18%,screen,0.1689,999.2,2060,r7n10100,7.342,1.824,75373.6,106420.4,23395.8,362856.2,56068.9,1035435.5
